order_id,customer_id,order_date
a241bea87dcdd0160ca94ebdba5bdbb9,ee1b69039bd20877692d8622dedbc3ec,2016-10-06
e38f9946fb20db4a597eed7547c59afc,bc2387c48428a2e128eaa3d5b18b3591,2017-01-22
9e1b7a7d17aa42da16ee605b5fee2e0a,c80bc315b52899a6cfc2af82c9200962,2017-01-25
1a4bf675df415785d3d9b3f3521988a7,a327e19095ffb086d25f7ee477c9d3c6,2017-01-29
91c52e15672343c61768b4d10597eea8,a327e19095ffb086d25f7ee477c9d3c6,2017-01-29
58a4317c14bcba43d0cf161f17e9db2b,05530f12381a5556c040029ac0036a18,2017-01-30
4c775eb488939cb0be0ca90004e2f37a,879e7f03b883419400700216ea156c83,2017-02-04
7d960d3f481b040257655876b44e79bc,ec5e34e8372bc2a8e58b10937bd6034b,2017-02-06
e54493dea108e0cb48f3571e1249d418,09bc7afc3e8d8dccaffd0b16944a91fe,2017-02-07
70807adf40446c39c3504cd513bcf3aa,7a0617df6cb8666f6db83a8d9786746d,2017-02-12
31db9cf54c43e0190666ce0c1a3d0e9a,c0fcb07a9959ae14f01bad208e445cc4,2017-02-15
62a647a2e24ac06f7d127baa26d29e96,620b7e6275faee4da2d637e42dc30aaa,2017-02-18
1336e40005c591d3d84862f0e9035882,71a13bccee2931d1d81f3d5e67e903a3,2017-02-19
83fa07d1dc69104a4cb1468ce3fbdc49,3394fbb618cb1ecc087a0fbc749dcd2e,2017-02-23
abc7580b562d8de4d5471356c6c25aef,c8e9b2df7f6f20e16f172176f03b8c27,2017-02-26
e2dc8a03b3380b3a3fa8c7e175e97688,cfdaaa0caea59b06efb4b0fb8c700684,2017-03-02
ef5cbfafea632f181983df020dee5199,503865b84e97a7e894c93587b3b05bdb,2017-03-02
fc3e5cddf41dc7757252c2fc0a6c947b,cfdaaa0caea59b06efb4b0fb8c700684,2017-03-03
a61122f2a4bb6c7479310694e0657167,4fe67915d44791a5deab2957c2641048,2017-03-04
4b81496f1e0fd587a7394ba1e1b8aebb,4fe67915d44791a5deab2957c2641048,2017-03-04
d04aa7a56c20579debaf2cd69ce4dd73,afd7854781ccdc3222b69421f9c7c6ee,2017-03-05
550e1d4daa21983f7bac6b2f83c40365,afd7854781ccdc3222b69421f9c7c6ee,2017-03-05
875465832a4acaeac638683b74ba9886,bc2387c48428a2e128eaa3d5b18b3591,2017-03-09
58f06cdcc39850d51ec8677cdff108be,d8a89dc47bde7dc0b83a3434cc017ee1,2017-03-10
a85429530fd3281381e34d128b357d91,20ea80f41970eeef262ab9d652ed5255,2017-03-10
2bafcaecb60350e62797b7bfd0fa1e54,884c08cef28bc304817827ed3caf1e82,2017-03-13
4cc5e60f36ca3bdbb07ab8a3c490e15d,1590457b4be348b165ff7030a6f94dce,2017-03-14
527b28dd1cc06cd5f5d361c544909a40,6faa792efdf7c9c6eb7cfdf68aa5e581,2017-03-14
4d483bf690ca21bdc005df9b623673c7,97f0fce3f9d7aad1b12499a4e4b10d07,2017-03-16
60751e744ac01225d93eb8bd65592ff0,2e2bc9cf9d8b2a3f099754a6f97b1fa6,2017-03-16
632ec9368030a0679acafa0d23b7be2c,f57c38a05eb3899c8b2c96a96a27f4a4,2017-03-18
3a17fd4120bf394dc3968c52f703fe07,a06f383add4d40457f1909b67ce6b7fb,2017-03-20
58527ee4726911bee84a0f42cdd797c1,a06f383add4d40457f1909b67ce6b7fb,2017-03-20
7af7e9221757663bb19abb52d6acebf9,1605a6c5d93d3488fb621c5323930795,2017-03-21
a30cba7093267abeb0f8489d5c16c7af,1605a6c5d93d3488fb621c5323930795,2017-03-21
68656d23f76667ee6ebe117db63ea015,28ad66c8baf13c85d2a936d0b06e73f6,2017-04-03
a8cf68ff08fc00910fdb589e444e23b4,0981a271500799427cdf345e9121e20b,2017-04-03
745eef172f0256cfaf464e7723693fe0,bf79e2be560481b2e6014798b4331a18,2017-04-09
65f4f976c2281eb3c5f69547ca21893d,bf79e2be560481b2e6014798b4331a18,2017-04-09
9fbb5a7911ef83cac2881f1bbdaf7812,6e871c3bbb75ace129f8c75e006cdd86,2017-04-09
a1e6c98ad1716db91efc64d1bd0271bf,57017bffe1b59c7da66267b6d3fcd44d,2017-04-10
c09bf2814fb67faaa01616fa08f0d482,97f3be23cc6b23bb0909bfa26f6ccf20,2017-04-11
70dc122cb381c36bb405197904788449,1d455fefc460c26a5526dd5a7bb5551a,2017-04-16
f49196a3b79948c69b3cf03a6ce9646c,0981a271500799427cdf345e9121e20b,2017-04-17
b3edcb85453179d7aff0cc5180ef4880,73a713cc2b4ae1249774ad9be90abd91,2017-04-20
2c398232e6fe6bb3416c2cd54a5b0b28,582183483d33018384b309d31c45f353,2017-04-22
ef0db33f981ff522a3a3ad0212e9148e,54bf1780705493f3224d73bd48e53186,2017-04-23
5e823b29f4c615d58cdbfec5bdb2ee73,582183483d33018384b309d31c45f353,2017-04-23
d550b5b77639c709f4dac266821e4321,ccc0975fe58663dbcabffb6c0b5569f6,2017-04-23
a1b57552891d32e63b959ed210edad44,0b402d6dd50694a118c642448e2cb086,2017-04-24
992b568281203a63ab8a57e90b304eec,d4a10e5b8973506abf64fd987af0c900,2017-04-24
8b5883ec44f905583a827ff06b986a6f,0d2dc42990be5eb0afd437dc25676006,2017-04-25
430d9c263b0c59e3ce1ad49cb55e0531,7424e86c21cb1b270c0676a2c51bc136,2017-04-26
fa1ce52b7f5e83c4473226c0a7ad131a,50f9bd1bfab2329598ad440c806abf29,2017-04-26
0e1628ef32043a2e0c0d7152af698bd1,13abc50b97af7425b5066e405d7cd760,2017-05-01
b5a801d2465c927e096449f176459916,5ffbc70da7ad1808b6899421caa84fbe,2017-05-01
677cebcf344bca22b07250e7548bd8bc,5ffbc70da7ad1808b6899421caa84fbe,2017-05-01
c68d536a69b345791fac24a064e2648f,b87de93b3da9029358825ff448b11b7a,2017-05-02
bde4e7e3544abf70e995f2cb0f5fc992,133e20311ec257bda38f1798250d38c5,2017-05-02
a294b359ceeb6b570206ae9a4e266230,47d2b80b343a27cd4cc0f657b3235f99,2017-05-03
f31dd475a9e762d3b7b023b77d03a8e1,64450742fb384fc0207432c3f8083ae0,2017-05-05
9f3c15fb0dfc4d3f2d9f5e8e9323a9e5,45bf7aba22952cd69510c0280b4fb5be,2017-05-05
5fb669725665771911c8ecc187870553,50ad9fb3ba7f8cf336529fe94a182996,2017-05-06
9f076b87261e6c9894139da7d41eb02d,bfc84496b1100cbbd83a6f8087526168,2017-05-06
5f7363eba95d6b80c0b0d44e53193e0b,13abc50b97af7425b5066e405d7cd760,2017-05-07
64cbe98d3ef9d927297f7dea3fab17d6,2b174670dbec666bbc68b6e2a4062740,2017-05-07
c820d5fbb72e2b0a48074c0f7f08a295,133e20311ec257bda38f1798250d38c5,2017-05-08
788e7378d74502a8c60a80b6c66552b9,bcb28b30f734df53722b6bcc4ea0c521,2017-05-09
978e16a447af958864561d170165f266,c836c92436fdcd6e5475ef442481385c,2017-05-12
e6802927f05b68de2a6b3c2079fcd830,9c540c186d344c460d85726b531b287b,2017-05-13
cedce2be74a9e660cec99d6f9c6674f3,f2655a0ca53cad79e713d1a21b2328b7,2017-05-15
1b25b7f6d3514c227d59499f63573fde,f2655a0ca53cad79e713d1a21b2328b7,2017-05-15
63e2032f511dd7a0ac625d8bda0a07c9,fdef5e91efaa5c7772e43998087fc12f,2017-05-15
21826e0954bd6550ea7b7a5665bc636f,eb4520b16c32518b6615f2d50f1be1bb,2017-05-16
0c0b20eb744a9c5ec1611dfd81da6165,c17db1418a98b4a6d1dcad61cc579c70,2017-05-16
742b2b7009e5c7c5aefce3e328c4866a,c17db1418a98b4a6d1dcad61cc579c70,2017-05-16
ac6883abec7c5543bb89d05903f1cf5d,cc6fb2f08a7bcaeef2c65f06e40811df,2017-05-18
8e350e1e4254bd7c68913b98bde7d3a7,88ecb91d6d5e47ebdc2129cd046b0935,2017-05-19
3734ef852a0ffc47fd80c97740466f68,7063b55fee699193fd5e44253a7e4a98,2017-05-19
1799b503cd7c2cbd801e75dd72fe3069,7063b55fee699193fd5e44253a7e4a98,2017-05-19
75d5d3d16567a27eefc5752aeb063072,88ecb91d6d5e47ebdc2129cd046b0935,2017-05-19
228ad7bb45b5912a1c70a68be5d4b951,e14b8cd578c1f576594719bce2ee1aa2,2017-05-21
4a5dd77c42df1a4cf21c142eaacf866f,46ed126bcf1df6e195dbc63d7c320983,2017-05-21
401aaeb144fdc31e60486809bf917ce5,35de25c73544f00e8adde226a4d1bdcc,2017-05-21
e418ef83856cd1b69aa83b6992142361,6668e1ae499e2e9be475b7f708580232,2017-05-21
6108ae9acd8ee0ffd527598b9ebc6acc,a423d0eb6e06ef44ce8ddb0e9cb579f7,2017-05-23
cb6e8d89049744886ad04520d5e0b2f6,ff8892f7c26aa0446da53d01b18df463,2017-05-24
6d9f6e79f1664d6ff8e74dd03f8a5b43,e2df93e515e47d7d9d2fa427bd50e272,2017-05-24
91894a6bee2407fdec8f29441d75541e,bcc9a08b533971412be737fd5bd918b3,2017-05-27
f3c7f31502a61f206c30c674a4ada401,271a5347ec3fc4388af776e5e07fbd9a,2017-05-27
a5f8439f1e560659a492608e370ecde2,a0abd26659c9914690cbd3320d39fd96,2017-05-27
01dcbb39823b4cda39ddcc6679fb00ac,b26fa76ddf33e534491e4ec46f51bc64,2017-05-29
88d83c164444378e37e1805e00984342,bf482716881b0c14af9efda1fc58a649,2017-05-31
447e81187647a12bf1a254923877d0ed,0b18593e033697810a62a987e77f4b8c,2017-06-02
d581955a73c95a699d134ef77bf6b768,7dc0dfe8b96d050f7189970017a693e8,2017-06-03
1079ee0942568d7c4778bad8d4192e0e,e10b68125f54adc15562b1fa412e655a,2017-06-05
8eddde296db4009f424c7a91011b7be0,51d121ddc025c1b70f8f62a1b727aecf,2017-06-06
66fbfbe9598df1bb7b5950b19e839697,f561632522774ab728bb93f8f3ab5e61,2017-06-06
94e8d839953377c0025c4596afec9cc8,9c760a39c48113c1450dd5b65958d7fa,2017-06-10
76cde6c8b0bcf5f39e166b9f645366b6,6668e1ae499e2e9be475b7f708580232,2017-06-11
af74613502131dd6a43380df619a57ab,6668e1ae499e2e9be475b7f708580232,2017-06-11
18448ffe871a865ac41ace28ce8e5079,0b18593e033697810a62a987e77f4b8c,2017-06-14
1ddc3d70dd69c4803ec86c7d987591e1,d7c6bdf20c4ec9c9cda815dde58e778a,2017-06-15
574c4ecf7699daffc21fc04eb876b8a8,d7c6bdf20c4ec9c9cda815dde58e778a,2017-06-15
5f2afe447ecc492da57db318b381a3ab,afdd0a65c8a8db2e53068f3c3dd70149,2017-06-15
4a335c9b6c47353962fc6f0b1911eb03,bfcdddab5a2fe5dd1d1b8330795f4061,2017-06-18
dfa3653e86520b99a8a2dceed4362a7c,9dc44558922ff57d14d99f20d37f440f,2017-06-18
8ef17147aad160f7780239dcf0acb400,9dc44558922ff57d14d99f20d37f440f,2017-06-18
9b53b66ca7d27b4c0ccf5ba89af00bd0,2d5e5796e7901464c00407e69739c6db,2017-06-19
83ac7baaa477085adfafa311103efaf5,bfc84496b1100cbbd83a6f8087526168,2017-06-20
c1686c44f72ecd55b0d2d8ed6fcf8993,552b9d839a47ed302d9135b38fe66fb8,2017-06-22
2256d7dbbecb2b03c2cb4423793570a1,43255e3df6cda368809baa2fc72872c8,2017-06-24
420ab5f8b0999c674c7438c38ecdda17,c4d9ec8c227594222eedd980cb28a6f4,2017-06-25
f244841f5a461472de8de82f023b1371,c4d9ec8c227594222eedd980cb28a6f4,2017-06-25
13ed81255fbefb7db48926a0a30e0674,ee1120b9ea8a90182ea6c2543f06e3ef,2017-06-28
0666806082c797ed8410aadc2e08f286,2767f1bba0529fe3f48378c05ea40f0f,2017-06-29
5be6e9f87bc75b1fc82974ba71ba94f0,ccf440dd0a7cb1ceac07b9cd3b9b63a6,2017-06-29
f56fc50c76285f17b655e6bd5a210799,d653c4815b8acc1fc51ff80339329490,2017-07-01
e67c98054d83d2b7a9ba6e37eb2ca005,97d757d6e63c1cbcaa17689df4240d22,2017-07-01
21c9e1884faf91f5fc65224d92b2ef83,1590457b4be348b165ff7030a6f94dce,2017-07-05
c32cfe30ac8d846c41d6695f9967bd04,d0f9b976da27b535b59cc7d7aa9e5077,2017-07-06
2e1cd6330c3813613972ac6976386c33,df9bd60da4a8f8945d2b862aebd3d418,2017-07-06
73fef4e3ee8931c3e71fd76d01433bf3,d0924cc48eeb9e613a31e365ba1db47d,2017-07-06
807303007d46225288462ecc115905fe,df9bd60da4a8f8945d2b862aebd3d418,2017-07-06
ea2fc3ee961d93cc0a7b657aad5b30e5,6a586986112375fd757133d6a052b16a,2017-07-06
afd71840756746edd2c71bd69b2e904e,878d1683076172a5b7ffc7126ba99acd,2017-07-06
711246846695fa895c1776f0ddc30b20,6fc92189a4d83f8f8eb046b050ce8687,2017-07-08
9c5bfba7de6a4abbb6ba0baab78d1622,6fc92189a4d83f8f8eb046b050ce8687,2017-07-08
4f73244a226bb31dd99853458f70c537,97f0fce3f9d7aad1b12499a4e4b10d07,2017-07-10
ae7c4721024efe600df6ac3fa7e52c58,c0fc2e3595c750de75d36e7db9399e83,2017-07-10
aff32ddeb1d4fcd7baa9d10d9b5941eb,2b174670dbec666bbc68b6e2a4062740,2017-07-10
25ff38b3eac37d28ac1fd35e41393218,c731a46dd44dfe456ccfa8968206943d,2017-07-10
1be1c706ca05fafa2f99d335601e9293,e47e3ecbe9ae12ecbfc5651bd62d7733,2017-07-12
ecfac5c29a3281d0ccd4cd7b53ae7ece,daa7bbf7016cc30bf64f97d1db63e5e6,2017-07-14
b1746c7d13f52567b4cd6710249240c9,daa7bbf7016cc30bf64f97d1db63e5e6,2017-07-14
69f5eed47613a9d3cd0ae94d398cdd4e,8912a04715640bd8424d068aa9649b56,2017-07-14
62ffdc08aacc0d5763a38e07039234d8,a6ab5ca8fff52f24a55a34760b5764f4,2017-07-15
d78bf5f7b32db25ce7cd2f808c72512e,93dabd0fb48bfbc6e14aca0432ed0717,2017-07-16
b7aa6fd1a55a501926e5f7253617ac90,3f6989456b86f1b529e6ac63af2f1780,2017-07-18
d3e38f61c91f2cdbf65e9e2c025f34ea,6ae0d88f4031ea3619b08202456268c9,2017-07-21
da0361ddfa13e2463678f03b44cd7c7c,c7160937986e1e6f542a2e3308aa72a0,2017-07-21
fbd9022ebf9271e1952ca884a972d1bd,578035514ad8238fa724f24b4aabc1df,2017-07-22
2e87cd077eb729dac6f6035112105f51,578035514ad8238fa724f24b4aabc1df,2017-07-22
e22de883eaec82ecd47950dffc8e63f4,c25d2fb6d22e04ce43c3652e3cacadad,2017-07-24
b07078baf6a1bbbc998cdfa28e7f8230,40ae051016f0f531438b0bfad601ed9f,2017-07-24
dcd7bf0e4548b5a99e81cca7a7160042,c25d2fb6d22e04ce43c3652e3cacadad,2017-07-24
7019575db90695209de9c7d983557bac,c731a46dd44dfe456ccfa8968206943d,2017-07-24
7de03e8d15c7de252f740627b5f666a0,7db86afe106053a3e88d034099d152eb,2017-07-26
cb589c751e6f002a96214f3a5c9284d4,15a38a0c1bf789e06ec42d24e485e794,2017-07-26
861c9fbad462917e9c57742085a3e2dc,93dabd0fb48bfbc6e14aca0432ed0717,2017-07-28
7b20d43785c16252f51ca77bceaa5ea0,862bcdd9344546914b93a16397a78791,2017-07-28
f1d6d7277ac0980ac1b522e9502d87c9,72421b30e46c895e99e8560a48a33fb6,2017-07-30
fc31a63e2f4e1c8cab6b97ec8eee6f84,6d5445cddf56ea4edb5a2540c6fa1d71,2017-07-31
383730d8be253fb34891920a417f2861,09bc7afc3e8d8dccaffd0b16944a91fe,2017-08-01
24257d104a3908bfd7b8bc9f6e1a2039,439624e26bc73309799fd718773bdb8a,2017-08-03
86a159c4f6b1da57e4f8d286a16e9c9f,b17319913219a3ff59c99143d47c507f,2017-08-03
d0b378f9d33cbf6b21c01295494a9ef1,5126023a171cb9bc605e7213e298cc66,2017-08-03
2d4f4cfa89af135842ed4770de178752,95d47153b9bc4d0fe3b9c714c4b19c3b,2017-08-04
bcf4f139b50c6689378fac7fe255a186,95d47153b9bc4d0fe3b9c714c4b19c3b,2017-08-04
b3bb81a4fe1e47c62f92706ebdbf4e4b,b62777d3969196b3329205b4d8e1ba0a,2017-08-07
0f7aa32fdabc5a9e10d0e9da37110525,bbe8686a830c0caaf68452997d73d396,2017-08-08
bfcf79aaae774aa4030a0d2e2046c525,b62777d3969196b3329205b4d8e1ba0a,2017-08-10
8d0584fef2164e00c8eb23abbdd87ef7,1f90117a847636892e3c5bf569f2ac68,2017-08-13
c29a7cc498263621590164d96d2953aa,b26fa76ddf33e534491e4ec46f51bc64,2017-08-14
4dee0af7a42637f58cde016b73d93216,29f8e372b3b1d42ad2e00a0b976bfc34,2017-08-16
844bfdffbe80e8ac61135bc633f2dce1,63669b3731dcc014feec668c3d888aa0,2017-08-17
b239d7a386db8ffed15c72578e9d3cac,1647c6dc2941bd075dc5dd3448807bed,2017-08-18
2613fb342bec59126f9c5180a5bc95ec,abfe742e782fb10f5c824fcb849e5cd1,2017-08-18
2d4bc14df7f5eaf36d2ef6d9a5b7c0d8,abfe742e782fb10f5c824fcb849e5cd1,2017-08-18
c69100676baa7e0edfa0e2ce74d034b7,d57b4e10da28296cfa28892bdf51d8cf,2017-08-18
d21ea1f0cfac8642b1a98b71ac53e32f,98b69c34f0422d2e025280b55531166e,2017-08-20
0f9458a3e4a303f60f99659d29645ee5,98b69c34f0422d2e025280b55531166e,2017-08-20
cc989a89a90abba764e86887625e7e26,1647c6dc2941bd075dc5dd3448807bed,2017-08-20
e88f2d374afb179c85305c2e855f9d04,f4af0b3f627879bf6801db96949b1e71,2017-08-21
a7a43f469c0d7bdb0a23a82db125aefa,c0378e9280a6e9401f2b0fd4a288496b,2017-08-21
cc5aa8cda6decdb7d61ad7ac55767ec3,c0378e9280a6e9401f2b0fd4a288496b,2017-08-21
91fcdc0357e6c76803fb5d654a0226a0,f4af0b3f627879bf6801db96949b1e71,2017-08-21
5bf8d66f260e15878a0e458ba4f33158,3170ebd8b32a5e2102c9d75e0a7f6d74,2017-08-21
a7a0c8ebf2557ea4b30103fbff81e64d,5e8f38a9a1c023f3db718edcf926a2db,2017-08-21
1f2c730715e25c512d5beee0f697bedb,816092f5825c3e2cdfdd4af546d4d04c,2017-08-21
8f2da1ebf763886822d2ee38c2986cbf,9ef86f6b52ceb03a0e09e4eada263058,2017-08-23
41d0050b0a103c674289659fdd6f602e,f216de65ece42736f341247dcba60ccb,2017-08-23
02875e2e1d01d7a1533215fb97510b06,3170ebd8b32a5e2102c9d75e0a7f6d74,2017-08-25
2e01a346da3f76c4a30e7ed7b3aa0d9a,514f8ca0f04813ed414874f8f422e6c3,2017-08-25
d930f975d0dd17a50eb1bc53fff79e9b,bbdf651cbace0c9efc7fd3184235aa74,2017-08-26
e3cd2c2657742a1f5c080b9be4dc7be4,8a14fc0583afb0a7dc095a6a239531d9,2017-08-27
010b143d83a59b355cd5a75c0f0fd785,51d121ddc025c1b70f8f62a1b727aecf,2017-08-30
259e9a3ad6d4f56fd550257b47ed152b,bbe8686a830c0caaf68452997d73d396,2017-09-02
5330599ad58e0e0355fcb5c997d3f8f2,ae20947231d4d44dde1680a7ab14d90a,2017-09-02
2b745ccd6f667dcd824b9ab05352b0dc,ae20947231d4d44dde1680a7ab14d90a,2017-09-02
f0dd9af88d8ef5a8e4670fbbedaf19c4,1d627d8a6e1e33ea8eeeb7a17d998660,2017-09-02
a79c4dca347540e1263b2b750b92d8ab,1d627d8a6e1e33ea8eeeb7a17d998660,2017-09-02
aaab824b480222c061bba0fa4886308e,9c760a39c48113c1450dd5b65958d7fa,2017-09-04
41a207671f292d00ffea01b171f2a30b,1ce1097b476f97ea37d805251c5c74ba,2017-09-04
69923a4e07ce446644394df37a710286,7c396fd4830fd04220f754e42b4e5bff,2017-09-04
f7f84dc96924f895eeee8f89515012c3,af2b9977cb91614dcdfe84dabd297135,2017-09-05
0be5691eb4c245d190a1e194494f754d,b6c083700ca8c135ba9f0f132930d4e8,2017-09-05
ee8f5d7599c575d8f8eb1a2ea7d66686,c25d2fb6d22e04ce43c3652e3cacadad,2017-09-05
854fc42da7246b10ed8dcec4ae8f48ca,5381755c8bc307f642476e3168d1d826,2017-09-05
b9d7ab4768e51e8cef0b77f21a40b444,929f67fce8f269879084f50385a16354,2017-09-05
41b7994f6fdd38dc855f6f6a5c61b459,351748d78843cee737277f6f56fd8543,2017-09-05
dd4cb06a82daaa4a3853003208a89799,2410195f6521688005612363835a2671,2017-09-06
5c7d0a72d5ce2ffc03f4a86238abcd9d,b4e821d1470e0b442d201d391a455738,2017-09-06
0771233ce445ab49cb2542af0243618e,0cadff7d5cd315b0367ce51a17c41814,2017-09-06
9dbaf3879dfddfc43171aaf9a9c0a82a,2410195f6521688005612363835a2671,2017-09-06
0d123aa33c3954b2685ef6807ffc9bc0,ab58f2fb5f71caac6366303095c0cd41,2017-09-07
6f41a6473f4122e2cdc762a8988a67f0,455b49402053f170c64a3ae7fced73d4,2017-09-07
b8b3f1a93f6899699c4cfab3f0cb85e0,c9ec7638cb8f2dd8e4439fa8374d89e4,2017-09-08
ca3b7514c4c2ab7ba612094bee631db4,c0fc2e3595c750de75d36e7db9399e83,2017-09-08
afca5fe0f14b7178c97f8cb22611f584,a652650842029ba5fe41ba9979c47df5,2017-09-09
ca5d34455321c329173e1c6c3fcff7f9,0f187f58097c5431d5244e1fe1383884,2017-09-09
2f972348117659ed047953f60257c3cd,ae20947231d4d44dde1680a7ab14d90a,2017-09-11
20316f53ea8065f870f90eb423b39b1a,5e8f38a9a1c023f3db718edcf926a2db,2017-09-13
1f1b93186b0c7281daf8f6c6145279d6,95cfb39a7e263160308a934e42cfc4e0,2017-09-14
0944dd6401b58739dc030557fb149b25,a37da5802a5aa6f38ec64302cad8ca08,2017-09-14
b031da90f1946edd12ee2587d53c667d,d7a86208b8dd2e697ddf825c386a0402,2017-09-15
69d838677089d135b38310ff74779901,181943d611ace1afd289de482ba7844f,2017-09-15
b69d93eb408ba1dbb0f56f69817a6ac4,f3914fdcecde6f1e5a93a60f476629cf,2017-09-16
9d12e7d13379e3e2a600bfccb801604b,17e873c00e3fef97c9f1347c6681bd1a,2017-09-17
906e820b85dd6c8ef9a4aa5581aa277b,3c1f7fdc180bea0123164edbc53c50cd,2017-09-19
9a2e91dda30c4f2497618f2d8c181437,c2f7ac13c2e0937f956659002e5d5783,2017-09-19
9f2c1798fe24e69bf3317bc7b319c96c,894382535eef1ce243ec19088626be0e,2017-09-20
62bc181a6d897eba7057bb531ea5f094,70755e5b9df5988f592f3dec6279f1be,2017-09-22
51d967125c0a12392dfdd135be86ab3a,2f87ccd8d2d676d667a844ee5c6a17bd,2017-09-22
e6c487a027692996435c701644f98080,892323d5d0997129223ae7714739e5f6,2017-09-22
b48681f5e795989ee7e78953269720e2,70755e5b9df5988f592f3dec6279f1be,2017-09-22
f1a325f15bbf16509adf17167330a905,17e873c00e3fef97c9f1347c6681bd1a,2017-09-23
f86e20fe6ce750c00d7ed08e8c67384f,f526077dd7bdfdb1a6e10cd6b194b548,2017-09-24
2ffc25e4c67c5d5ad8a0142b8f542d4f,100f480d33281b45b97c07395968e56c,2017-09-24
879d57dc015759bf30e71a20b5ae0652,19da55454167240f3a4a39430007d074,2017-09-24
e7d9d1c03c10e6edb7aa4a91581cf871,100f480d33281b45b97c07395968e56c,2017-09-24
e72a8568c8622825a95439791f668e85,19da55454167240f3a4a39430007d074,2017-09-24
5896d753079d9faa8aeaf60231b3e788,f526077dd7bdfdb1a6e10cd6b194b548,2017-09-24
94781b7e571ded2ff6f80434f6fe2a43,cb6224938ef72376e7f5183777032fea,2017-09-25
fbffb0b287b62d10b5a1c24a29ae16ea,126c84bea62ac08be389fcb68dc73944,2017-09-26
df3166e4db1badb2414e9e95790a1771,f70de0640893e83aa2ec87246ebfcec1,2017-09-27
0f9751081b734220a998be212c391523,d2787622df9fd933c164f7cf696a4e2a,2017-09-27
01094e169d4b14edaf6954eeddb83633,d2787622df9fd933c164f7cf696a4e2a,2017-09-27
a6288d192f3399f630e89e96f1079cf2,5f14fa22610fbeb251163acdb43c4030,2017-09-28
4351879fb74d0a37b9c8dad7ba7e59de,5e8f38a9a1c023f3db718edcf926a2db,2017-09-29
0fcc817e41a60bbb439c5ce638f62f31,ef4c885e8c3d5ff5b48789cba80de5f6,2017-09-29
98877a509c8d712beb65e2713e61832b,50ad9fb3ba7f8cf336529fe94a182996,2017-10-01
1b45f3d92af5691c2409e2a40332875b,3c3b0bfa811c02a524002ad191cbad2f,2017-10-01
9bd1b16f0da3ab4e8407a76b1d97be22,35de25c73544f00e8adde226a4d1bdcc,2017-10-01
bdb2bc3c571eb25e242b01f591816c7b,c89d91308d60d2f2076d20296962f2c3,2017-10-02
e481f51cbdc54678b7cc49136f2d6af7,7c396fd4830fd04220f754e42b4e5bff,2017-10-02
bb7c6d87a72c89ffafb1bef12c4e23d4,aa2630ebac79aa0c7749370b705121bc,2017-10-03
2e84df8fa5a2f0d5eab815d6c157b1f3,aa2630ebac79aa0c7749370b705121bc,2017-10-03
e4e3b896819586eea806108a108aad30,cb3102c030021fca78c2050af337afe3,2017-10-04
cc40ce12255e937ab19d9124f4d0d56b,c6b2ccbe75ac5addb40fcff5db96a5c1,2017-10-06
2f7e28557591670c3bafadee171c72b0,21c8aa0cb27943cbf33d75985e28da67,2017-10-09
c3e5589dacc9d42e41377ef559d9a159,69e333213f390c27d001d415de206697,2017-10-09
0dfedf3d432d2cdca59a3ef16b313db6,6faa792efdf7c9c6eb7cfdf68aa5e581,2017-10-09
308d6f3a55688463299b7763b12bfbae,69e333213f390c27d001d415de206697,2017-10-09
4fdddb85c674036842fa2c86494e8890,57017bffe1b59c7da66267b6d3fcd44d,2017-10-11
cc93c76377b9408581cc455bd50de947,c0fcb07a9959ae14f01bad208e445cc4,2017-10-15
f1450c491bd196d4089076234a1b5cae,c2f7ac13c2e0937f956659002e5d5783,2017-10-17
e528f5fb562c9053119f71d32acb91ba,3b4246e03fc1d4a501e6e4bdd758e2c8,2017-10-18
2ddcc2305498e7f001b65b9c28b48072,80e4f74e3cab2841485cee868eefc16f,2017-10-21
f7364d7a775833b673741fad4d394512,d3d443cf738d73bcd976535e753d44e1,2017-10-22
6289ee54f79f145b31d94596c21ff419,bdde9ce1c27b88a7fe3ef13ad6a80b5f,2017-10-23
79ba63b5e2113df41f0097eb9e9d143a,7b53ce3d0ba1f84b0ebcef52fffb110d,2017-10-23
4b9359b6bad98027f7a428063413d090,f1c08d13b8520a6efa197627fada3a56,2017-10-24
75f7b50b5222f09346ec8672c17121a3,80aa16f20352ba2178f28a2454796061,2017-10-24
fc2010beb548588d1543ca8adaa132ba,070acf4df1234a6257809e4e79644481,2017-10-26
1b151132de254c39a49f595684c80b41,c7c19110042036e6266adc998cbf1289,2017-10-26
c618d3f25c239068c153e78f7d9edcf6,894382535eef1ce243ec19088626be0e,2017-10-26
a24330f9f979dd041f57f4c8f937c9ad,93b62b6a37d644c4556694f8031f0acc,2017-10-28
c7e061193b749f7a762209326b964dc4,ff043fc4d4ce09658d21408def8d5dde,2017-10-28
b798fc527c548bfa5f069b5b29195275,8bab3162259edfaadd1ea2e1fe7f58dc,2017-10-29
8f491cf3fabf128822544c78d73acfc3,21c8aa0cb27943cbf33d75985e28da67,2017-10-29
3aefaf9d41208dba8b2c336def99b00f,8bab3162259edfaadd1ea2e1fe7f58dc,2017-10-29
b11a2fc0664cad475e2700523625a1e6,e2ce734f0bd635b4b82317b5e5fcd152,2017-11-01
a6e164bcfe0ced3f1ce18e4c42202820,e2ce734f0bd635b4b82317b5e5fcd152,2017-11-01
142b64dc3a09842572df17bdca68b5f3,922c07831bcff9a602e013a99c48938e,2017-11-02
8a2629274a548e155cba08215435391a,944c48a5eb418eebf66fdddd731b387f,2017-11-02
d33ed17c28104a5821b0aed3fd7323d0,a0701efdde78341b097d00c789d35b97,2017-11-03
8c2c2b26ae4677e7457b0daaea13a8d3,3a131e6c88849b1d0b28020c3809ea29,2017-11-05
857c7d158a6669fae8d2aa86c645f021,3a131e6c88849b1d0b28020c3809ea29,2017-11-05
ff3137ffb0ead0baad8da8a2a7b063b9,43f797685f3789d5d81995ec61777b95,2017-11-05
a512132380fbd3ae24feca8ee9512efa,c85df1c6ef6f7bb605e1c49d34f172ee,2017-11-05
cdddbaf91f8abd761e51c7d5f035695b,d8a89dc47bde7dc0b83a3434cc017ee1,2017-11-06
bb9bdfcd9397da3c8481ef70b92df0c0,2a34af7c4b1b83d78b14cf6b9c32c3b9,2017-11-08
c9aca7a39b1655e0d52070203567e664,f7d319c00224031393f1ba82343db3d6,2017-11-08
bb5ed7e3c00498a15ceff9bbca9ba556,18186af785c301b05127a291eac901e1,2017-11-11
f9f807903694bbf34df92036c1d192f6,2524599680c3e5051c8617457261357a,2017-11-12
aae4a80d679f211688ed391ae747100f,a42a5334b3323179cdbe68e4042d99ad,2017-11-12
641b3f1c458e28bcc1ac2e6e5e526489,487421a0aed865282373f28a24239081,2017-11-13
d8a46fc8e10a38b3756d7e677b3f6ab0,ee4a5dab94b427525ea24bc30d4442fb,2017-11-13
4e5eb92b77d7214fc3587113fd8374d7,e7ceb5e15c42737c00925a715525dc67,2017-11-13
f9c269acc160c9147022a141b439c35d,4df9aee56fa602c72756abb22ee60b17,2017-11-13
023efd060c082063e299dc77891ea1b7,c614379bad49fd0a3fb1c271e8f280ac,2017-11-14
3749ffb24b4dec6d0cab14cb31e4fa94,ec243bf26b7986b3aa3d3e60c02405dc,2017-11-15
5c1bcdc479bd3259cecfa184ee78b9ce,9d2b062dc07734a1d7053478a7e83280,2017-11-15
153b80864a22f0638fef4339488a2cf3,22f845998f64187faf181b128bf035fb,2017-11-15
c44b12ec22f1d6794e86f30078e7f65e,771a8fdddcb6ddb1a9384bd7c51f8681,2017-11-17
b209d9ebeffc9e2d9792355b594c5b25,b698379306c3fad0ab64d82a63a770a2,2017-11-17
b0ff8ff92f8d916fa2e8005cd8e1a135,95cfb39a7e263160308a934e42cfc4e0,2017-11-19
e55445ddc4194e562e73e0fb3b49f26b,7589544c08cc5de364cad85ee73f4b63,2017-11-19
236ff4e9c2ed220ff9d4186b729379b8,87cbc22f48d2542614a44cd025238a35,2017-11-19
ba568688e2f462d7c44a3fdc62e6456f,87cbc22f48d2542614a44cd025238a35,2017-11-19
8b79235214c377ff89c61ab4667f404f,71b14aca95bfbedbc5746d2c0a92d8e2,2017-11-20
f0e74c12ef7d4fd25bec19ecddee5438,24fc2d6f4c3339820a1a3746a125f8c5,2017-11-22
9d70ddf4f9027ee7e5f0851c480d3fbe,9d2b062dc07734a1d7053478a7e83280,2017-11-22
f907eb5eddb04b68f52bbba38b075e8d,24fc2d6f4c3339820a1a3746a125f8c5,2017-11-22
f5a511e584053180df75a3a2138e9ae3,71b14aca95bfbedbc5746d2c0a92d8e2,2017-11-22
7eb6bfea5daf19a607f08fd25ea7672a,af17def00ed5fb1ccbebfe805b0bb641,2017-11-23
b3ea28aa962313ddcc7046e69e5ea094,a31ef19138e1e8ddad1c8c30612a044d,2017-11-24
364b5f3b94152788007c68501e6c79b9,eba2cf1bbf4837ae43652b7cfbaf08a9,2017-11-24
9ef921f5c09cf02012029e4660e4ddce,6be28ae15cd1e7b3f3f36ac483512822,2017-11-24
f2f994648283ef31bf69ae8b9109921c,7e82fd8a6c26147a8797d761fa68c497,2017-11-24
b51231f33893d9819e080213165c1c6d,2e9399fc2fe209771a6f719e14bdb6fe,2017-11-24
ff00a56fe9475a175cd651d77c707a09,6be28ae15cd1e7b3f3f36ac483512822,2017-11-24
291cc6d48f9475a822aecd9c9a78d4ac,edb73fb9e9c6e283badde40e37f5c9e5,2017-11-24
5559edd02dabfec0a6ee808960297d1b,7e82fd8a6c26147a8797d761fa68c497,2017-11-24
404ae63d165e7de5dd0bade9787b50c0,b248c92ec54199bedb1d603e0e6f98c6,2017-11-24
64f2e9aa85911b6a48e3d11ef05b73c7,4e1cce07cd5937c69dacac3c8b13d965,2017-11-25
78d7b4c84d9192af69d5b8abcd83176e,4e1cce07cd5937c69dacac3c8b13d965,2017-11-25
91ce7ca124af689166db5eeed6f67a58,bdde9ce1c27b88a7fe3ef13ad6a80b5f,2017-11-25
9938a967279700714d16f4c8437390da,2e9399fc2fe209771a6f719e14bdb6fe,2017-11-25
1afa51208ad0fe3d17577387674e6924,4fea8996c9c5f0d8486715e0bc944fde,2017-11-25
dd4ca62b4abb4a5fe11f24d45b63eb79,c7c19110042036e6266adc998cbf1289,2017-11-25
e1e51d84ada825cd2396a682884d7c5c,98e724d438a472dd271a3d0e5df0ca4f,2017-11-25
1c308eca3f339414a92e518e2a2e5ee9,ff8892f7c26aa0446da53d01b18df463,2017-11-26
11302d4542ca6da5b505416f9e04f0a8,0b402d6dd50694a118c642448e2cb086,2017-11-26
41533c74e757d62db485b5053f8a2314,f216de65ece42736f341247dcba60ccb,2017-11-27
fae7d09a1409bc2651c0caec24606c71,01f1af590b3fa6e09ee79551635926b4,2017-11-27
3c8194a8d47f5852dcd52ccbf364596e,b6c083700ca8c135ba9f0f132930d4e8,2017-11-27
f1eb378be592a06b8c3c6006b7d7102e,f7d319c00224031393f1ba82343db3d6,2017-11-27
86c81a5199aa303d0b44657a790f73bd,49775316f12383c6fd30504f0922b7aa,2017-11-28
1171e6b0edcd799330be154f3dc4d93b,bcc9a08b533971412be737fd5bd918b3,2017-11-28
ce5f998d724ed1ac61c890e33b24a33f,2dcbfb99d95c7ba6eb992a98627f45b8,2017-11-28
0c65b1e5ce7f6d1bcc961e3a2d740d3b,0ecc403ec5d6ce000fd84f00cd5efb0a,2017-11-30
26f12055119a6272956b9ceaef2a6233,0ecc403ec5d6ce000fd84f00cd5efb0a,2017-11-30
5c35bf8376a214c893fc0bb5345cae94,edb73fb9e9c6e283badde40e37f5c9e5,2017-11-30
27587cc5a5f975239e49460102252868,6594a65023bcb47539aa91b0f8e98e00,2017-12-01
64a62eaae697d2b5002204677fb331cf,b698379306c3fad0ab64d82a63a770a2,2017-12-01
931fdd63ba701dba6def14b3655e0a32,69f2934ad8b50cc05587a94cc7d68fc9,2017-12-01
14d35062b86c2e1f69376af68e9e2a1e,36be413fe0f4a74eee7b764e758730ed,2017-12-01
dac46445d06a7c26842b2e8b7bc04be4,7cc882b8c6b9017716e362d74026e850,2017-12-01
c1298dde22013d58424f39ec4397f54d,36be413fe0f4a74eee7b764e758730ed,2017-12-01
4aa5e89a54afc5cbb187bc2bccfdfe33,3392057cb6857cae346a55d319a8ec38,2017-12-03
4035b52134bcb1bdaf305b4671495372,2dcbfb99d95c7ba6eb992a98627f45b8,2017-12-03
b5d08e6b71d4af8f816daf169014c908,439624e26bc73309799fd718773bdb8a,2017-12-04
4d9ec9c5440b083e87ee872dec1b32fb,e47e3ecbe9ae12ecbfc5651bd62d7733,2017-12-04
d4b3b00396bf3d72f49b2e06219f385e,ef3b6ab8a1704ead096adbcdee78284b,2017-12-05
b28f0b71b3719fdab137d7263d469001,c937a5d7fe89380c128d9b8746495474,2017-12-05
7a9436be8022293777e4f2619c171b17,7bf5c9596fc39d41078cb46a86b23831,2017-12-06
f6d1db3d720b07546464da938c033c6d,f25e3bab885e682a8c73321a133d392f,2017-12-07
a94b962669c74fd01d87a94aefd3eeff,c85df1c6ef6f7bb605e1c49d34f172ee,2017-12-09
588d8a3645cd2c4d3b9773d212a185e5,76265a1cb8a13604fda3632daf9db6c7,2017-12-10
e881dae0437e8efde70b242d9a1b5a33,998137918d30f89547129f9f991f98e8,2017-12-11
053180cf4b0cf3f7a300e2e42ff01da9,4df9aee56fa602c72756abb22ee60b17,2017-12-11
da0686c22c00de36d95422798bdd9cde,805e5a317f4b3e1afccb9dfd71287a36,2017-12-11
b8363d01d95d576ce95a9283c6e12edc,7b53ce3d0ba1f84b0ebcef52fffb110d,2017-12-11
fc373604aed2464ded6a10235309ed93,a1044dd75b74fbc485b040575a14acf0,2017-12-12
b4a740a590b5576fb4a95cba71d80c5d,ea1f9ee525ae126bf78f44bd09585ee4,2017-12-12
20059d45d5d6464cbf4fa0515c3830a4,862bcdd9344546914b93a16397a78791,2017-12-12
2847c1e42885f76be2e67b11d8bd813d,4efe868b77400fecf7a035fe226989fc,2017-12-13
c65ca254bd0c624c11dd60d92955c989,3a14c9322928ad049cec3d377a3b8394,2017-12-13
1857f0409d8180beab0cbec5cd97478f,71d790b151c0349e5f5b2fbb4fbe1321,2017-12-13
ab3ef8ca43844d05e39ad47fc0bba7af,711066a7bba9951b1da0ce0f4302af23,2017-12-14
2281b9a155dc821e33ba9e7360964450,839d684562d990a00a7d52eb93b3c02f,2017-12-14
d2927bf34d3adc3b878e226b7af91519,69768afd389429f6ec48199e5fb8e61a,2017-12-16
0ec153c68d6e5b0dfe5128a34ffe6490,d7a86208b8dd2e697ddf825c386a0402,2017-12-17
1b41fbc113f284d979a4b5c94e2a918f,a1044dd75b74fbc485b040575a14acf0,2017-12-20
ba2effd965d1fc79dbcaa17d401b3c99,da24ff7539bfd80350751ae2d27248ce,2017-12-20
6aaac69ff588fc4e1f1ffddbc682e406,c3c96f6c92c8a3cc6f70ee5a657a1bca,2017-12-21
81284ce76107a0034192e8eda2129993,e3fb0445316b7ff69a4e8bf6bccce896,2017-12-22
ea7138ccf7b03bb9499df4674b1b4027,a2aa8d11bba1578adc79385521420322,2017-12-24
1b5c359c2188ceeab2777c0d27e7c343,bfcdddab5a2fe5dd1d1b8330795f4061,2017-12-25
2942d87f97c462f2c402070d7e2c1882,28ad66c8baf13c85d2a936d0b06e73f6,2017-12-25
dea7183b5687dd97ce0703f53b0a97a7,d16f2966cda34d01f661bfc50635edb2,2017-12-27
3ea82ad47a5a11ed6d1cb5e1e8343b9a,c9ec7638cb8f2dd8e4439fa8374d89e4,2017-12-31
3818dcc3b7bd25996c0f1684437f019b,a865a3f8b39809ab1ba53cd0e8122999,2018-01-03
382e8f286f0c03a978e78372405fd3de,7bf5c9596fc39d41078cb46a86b23831,2018-01-03
f2710c3e65b68cfc927a8aac6ecebe83,75a2adfe9f86d401f24b5fe2eb9a582c,2018-01-04
48d4561752bbf4833c3cabba8d5a7c93,75a2adfe9f86d401f24b5fe2eb9a582c,2018-01-04
a3b5d696f2dc3df83942f644beb879da,d052fe86655dae0e952c1bacbbb99d7a,2018-01-04
5af1697f659a5873ed7f793544b2b98d,5e8f38a9a1c023f3db718edcf926a2db,2018-01-04
430e7ae18173c5c5d351c37676f6d09a,66effcac895bce9ba66507ceea743100,2018-01-05
85a5c526407a1b180dd5bccc622be107,f561632522774ab728bb93f8f3ab5e61,2018-01-06
6df2cfb6624c3e0b13775087f1cda182,161b83aa4444ffe5d7a2d1caf46754be,2018-01-06
61ad7ff8f7855f070f278ff8412622a8,0f187f58097c5431d5244e1fe1383884,2018-01-07
0e62b7f0d74e42edd997cf3dfaac54c2,799d07fb5038b68052e46cec15184806,2018-01-08
ef6ab439f4c596638239ac71cf5fb391,1ce1097b476f97ea37d805251c5c74ba,2018-01-09
db6fc36ce2a94f3e7af05707163314d4,e10b68125f54adc15562b1fa412e655a,2018-01-09
bdd163683d4bc75b0b2b7a8d9e1ccd26,862b2c6ccf4352c087cd60cdac498b48,2018-01-10
fc39eb893101639217a80a552d1c16f3,7a350426024a624cef97f797c408db97,2018-01-11
605dd1e8229892fbac9c08a82693f888,df275a92340e266588f198c579c08850,2018-01-11
cf73e2cb1f4a9480ed70c154da3d954a,21effa61d72771ba8315ab56ce7fb7ac,2018-01-11
fc9d6087c02b8f60e1a365a3b6ae786e,21effa61d72771ba8315ab56ce7fb7ac,2018-01-11
ca263afd88a8a1200605adbd4b63cd7d,c0394cfa96258a94e368499f919a3ba6,2018-01-12
00c42b1633c1b2fa4e937bf312466561,1f90117a847636892e3c5bf569f2ac68,2018-01-13
f5a1d7fb9cd502618f942b1295676f1b,bacfd927a67bc4cdbd5912606e830e35,2018-01-13
380d50b5c05704dbe91b19b8003ea60b,be44f5b15e050c84a284fc46feeb7183,2018-01-13
20368ff725d0f3b5adf1ab319ccecb62,962c6b5225cdd53c41509bc38d3a8217,2018-01-13
a005841d24a8532b663e347f1237ba30,76a0491dd70c125840fa259f00dfc351,2018-01-14
a4cadd13645cb16e2e4252ee2e39dd80,15a38a0c1bf789e06ec42d24e485e794,2018-01-14
d6af9770d6d713b4c3a4cd6267e9d2ea,e301216623168d227eb0b0a3aabb1e62,2018-01-14
14d9794bbb53614d12cc2df6a045f82b,e301216623168d227eb0b0a3aabb1e62,2018-01-14
d51cbac21a49941976292ba004bf4165,124bc956b56b1523d2a75b29a856085d,2018-01-16
57faaa762a71e0603439c7a742527524,2f87ccd8d2d676d667a844ee5c6a17bd,2018-01-17
f0b2da40b961baf662d31db42b3964e3,971257d709595abf1705177bb9e1ed5c,2018-01-17
4da457afd715a9eade1b7b5a2fcc2d9c,85b6862cf777031594d76e581610f137,2018-01-17
12fb5d0cb33d4e9aa4d07b4400346153,a865a3f8b39809ab1ba53cd0e8122999,2018-01-17
ceff6079b4931d865da8fad5286b30a6,179607d5aa7e47661b18cabcd7037ab5,2018-01-18
9e5ce745945c1ffe01121296711a5663,e67837162e0e814752b92823f611306d,2018-01-19
14675586d82f55dea6b8b539f427ccad,3c01ae6b6234ce3ca7aa73f7231164b9,2018-01-19
dea01d9c1e4b72c2db85ece62b00d823,6a16af5086aa0454d0547bad1bddd793,2018-01-19
48c159ee1d25916d79ad14e2160a0d31,c988628b7bc5d9c645eb7a3a66f31b46,2018-01-20
3afb5554304bdc748e0b05b9b8fbb9ba,76a0491dd70c125840fa259f00dfc351,2018-01-20
a8bac9fbf4f824af91ea3ec34f454ae2,cbe71e4cb0b82b97bbec5cd51e0fa3ea,2018-01-20
57bea8e109ecb1711cda36ced17c1b1e,9d1f4d137b3e895a7068c74cc1d2711d,2018-01-20
4fabd930204fbf8fd7e7f510a4bc6a2f,bcc9f71b7e6728f041c8a18e2109144a,2018-01-23
de9dfc1fb17ef671b0dfe13a4af413e0,2e90f8efdffcf5551e991c349cb32ef0,2018-01-25
1749aa0c3e963525049e36964941cee5,b8d5624bd4c409fcb66439651dc4909b,2018-01-26
6916bfc2979a20759a964f5addee58d3,c937a5d7fe89380c128d9b8746495474,2018-01-26
c6283d176592e1e1c4d1302abd4e473e,fbacf55907cfeeab0f1cb05ac31c429e,2018-01-27
aa942d6c13162cf699a9ed59746af588,fbacf55907cfeeab0f1cb05ac31c429e,2018-01-27
1539409c01ad8a5e32a2574668ad975e,bcfc9032cea53ef734a6008742d954fc,2018-01-27
13b4f8c4b570d25d95bfd3c915ed9c38,844a28de61d1ac7d158f276c74cd2f8d,2018-01-27
e178bee213ba3b996d728678aea863a4,d0924cc48eeb9e613a31e365ba1db47d,2018-01-29
b4e154c611973630ea64ad7f8daa133b,5b058bbd895a639c7192f6289fedaf79,2018-01-30
338d127554d67a15cb4e257742847056,d8c9bcfdb052d3431868568f91eece65,2018-01-31
df568f7f29522ff496adab0dcd60a3f6,8dbf2da518cf9eab30c604f3efb5143d,2018-01-31
ed062e6ea6c0af6dd097266ccca93953,e7ceb5e15c42737c00925a715525dc67,2018-02-01
8f702c6eea5985c8768010eebd2a6891,eac68b15578649f1a014a0c558bd213a,2018-02-03
3f19625b4e47cbd93b35ea05873667ee,ccaa4c1ebd356bfa3df7b0398fdbf04b,2018-02-03
cfcab3d63fc144cd189d0af6e9213053,bcfc9032cea53ef734a6008742d954fc,2018-02-04
d10a096222e79b442a554b53eab60f9f,4f928a6270233d6c7c4e73919fa12295,2018-02-05
ef1fc34d1d1ab34f4eb53f2c9b4ed2ab,fc1c735fd279ad7321e7b40a4f9d361f,2018-02-05
aba2813708fd104d3fa9f14fde9cd30f,4f928a6270233d6c7c4e73919fa12295,2018-02-05
c5f0b9e8bd23e3d37855d76739573355,fc1c735fd279ad7321e7b40a4f9d361f,2018-02-05
194c72d466120c8e1241d610c72cc5e9,941c336ba35bc4cbd3c5bda62cfaa767,2018-02-06
e154274f8d5b5bcef8bb9f51a54b218a,7ad4c35f80df773844abb3ff3d6cc298,2018-02-06
ab6c2b531e877fad84a31aa845bc9345,4d1fe8b6f5e9ee044a14467c8b2832b6,2018-02-07
d03ba703f83e314f2bad7505a1031522,a0abd26659c9914690cbd3320d39fd96,2018-02-07
62d9ca533d6de05e39164160d128e37c,4d1fe8b6f5e9ee044a14467c8b2832b6,2018-02-07
10e722e25378399056392a2c2c5ff9ba,711066a7bba9951b1da0ce0f4302af23,2018-02-07
1591f1de66fc6657c009d107db35c4d2,dadbd996f437b5230f82ad00de17a4da,2018-02-08
4992f0162a4e7f36cf293bdc49e42f5e,a0abd26659c9914690cbd3320d39fd96,2018-02-08
44d1b486970419d4e0ed66e154ece21f,c4cda5538e1bc0a930d0153815c11c77,2018-02-08
e84484718ecfbc4f6c98105b691b2bd8,e5b74085b722886353e1bd8aa56f33c0,2018-02-09
99687fd750781ecf475d632c33a533ee,970d5a05f1dd6679c374db78c839733c,2018-02-10
44a10a741d51010c1440fc7337b5ff6e,43255e3df6cda368809baa2fc72872c8,2018-02-10
eb6fb95e3c0248ad7f1e3b668ac3f8b8,1e62052e5c3c4cfa49744aa23e72a24c,2018-02-11
f20ad794a21ea34c982e74ec18f7aaec,6a7e7be8e652da4e4777866459f9b007,2018-02-11
2011387fcf68d0d56838be05771c4db8,6a7e7be8e652da4e4777866459f9b007,2018-02-11
8486f414a491ce27cbb5e501739d2d04,55efe0d41e47d41465ea4fb5f8badee0,2018-02-12
35ed6b2bbd7deca1e23166bbe62f49ca,e9971332fe28c52652fc0c34f5132737,2018-02-12
4feb155d6d4d8b2ba3191d90655f3b99,c89d91308d60d2f2076d20296962f2c3,2018-02-12
0c02a4cb5207e682d63a1343cbddd13b,54bf1780705493f3224d73bd48e53186,2018-02-12
df6c1db4ad957928715a81ce54563895,731a127666e5bc79810ebdc48eeff385,2018-02-13
173be97f981ae72384ff95a719544e7e,731a127666e5bc79810ebdc48eeff385,2018-02-13
94cb2dc75a318daa6b70375697c4d3ed,962c6b5225cdd53c41509bc38d3a8217,2018-02-13
53f4ca548f6dc3456de1628fa16854f0,4473c7b8da89833fc08fcd3443faea81,2018-02-14
4726bb2be36557009e1f231af49916e0,4473c7b8da89833fc08fcd3443faea81,2018-02-14
7c0010171d4d583d7f4d87894d7b6973,5cd682bd2b2999589829812da7af0735,2018-02-14
8a49984afb76dae66f3810e1b7093ec4,30e4588900a8ceade11dbe60525d107e,2018-02-15
c43a1ac896c3a97a259af57ee8234ebb,6a41171c962a6356e8ea95518821dd45,2018-02-16
58dad265abd075b5830c3e3824956231,6a41171c962a6356e8ea95518821dd45,2018-02-16
d93d9db59fc92ea85f60e36901b0d20b,b17ed96ffdf66518b4cf65e328298e7b,2018-02-16
d302035b23b53abf7dadc4b6a0b62547,dbd83295ef91a610b2800dc2adc2968e,2018-02-16
d1f61db27cb2ec79064854fc336bfbe3,455b49402053f170c64a3ae7fced73d4,2018-02-17
f938fa004452c776198a593e5fb9056d,b08b68bac767c3269e827f822d308182,2018-02-18
a604a2a16f8f4829f66b913199557243,34fbeb535f3ba8b34bb0f919b0ad36bb,2018-02-18
c53b15af645d91a057ddba9d0e1f21c7,b08b68bac767c3269e827f822d308182,2018-02-18
5b666d7076734a6485176d2f3255804d,63669b3731dcc014feec668c3d888aa0,2018-02-18
2191c4b8b5384ed556dfd154ce6e319c,34fbeb535f3ba8b34bb0f919b0ad36bb,2018-02-18
dfe9ed7cb28d282f7cb649346e0898c8,7585fbdd188ac0087ecba9687914f7e0,2018-02-19
638fa07954d987db6c7cc971c365eca5,5bad02ee81a2002eb3b5b84d32bfc15f,2018-02-20
6b99ff92735c747557e84a5f5cd7a560,9abba9caa203cd4344b8c918d6ade26e,2018-02-21
d774dda8acab57dc1f473be2a975cdf5,b248c92ec54199bedb1d603e0e6f98c6,2018-02-21
539087d16a54354cfd81aabbedbd7f63,f9b5d3c8bd2dc9c26ff00bde73171554,2018-02-21
5d9fde36e9b14f9c646577bb073b1486,01ba3180d3c6e7a6e269c5a542985423,2018-02-21
33a3edb84b9df4cb49546859b990ac6d,b854c56e1163bced9c3ebf1e4a6576f3,2018-02-21
395363317a9cc3945212a000edf960d3,58f5a0b391493cf37a8c32956f14d6d1,2018-02-21
1078d496cc6ab9a8e6f2be77abf5091b,7314e2017ab1883d59ccbc7318c4b3fc,2018-02-21
e03802b5209c43fd6ba9d5fefbd664ca,58f5a0b391493cf37a8c32956f14d6d1,2018-02-21
2da58e0a7dcfa4ce1e00fad9d03ca3b5,7314e2017ab1883d59ccbc7318c4b3fc,2018-02-21
871ea4c791e2d977d094700806eef385,9abba9caa203cd4344b8c918d6ade26e,2018-02-21
7bfde9729732d1f662f51978148b3bb6,f205855407363730ff7062500d430a8a,2018-02-22
3b2306ebbd3f8e2923984f42b2c03228,5bad02ee81a2002eb3b5b84d32bfc15f,2018-02-22
e832fe7f7808b5f981ee02746681d40e,fb82affcdf98ee48d9d36c7feb802417,2018-02-23
c05b9a60de6b80604843d2f4d40c8a67,2a393a5dee1588a253bb682ce017c9bc,2018-02-23
d715a52ed67662a1f4fc1d94e68b2ff0,fb82affcdf98ee48d9d36c7feb802417,2018-02-23
5a8f325f70adcaee7b80d649a1f28876,3c52c4fdbf340c9319b30037df0e722f,2018-02-24
522a5e4ad2f2d51be25ae597da2b8197,4755e6cf97a25760ab159e0457c84a29,2018-02-25
9dc9cfe8dd61f0e37b0baa3043517059,25f3cf83109f636d52d288fa4e797111,2018-02-25
97104e6fa1fbbf9bf29587310476ccaf,155262bd88357533c2fdb773fc05485d,2018-02-25
3bae20c7f7ad4cf125d51f381c55f8e5,a5c93e7b12545f61cbf92efa2d77f1f3,2018-02-25
a247dd396d56ff49f7b4f4b8f9139f5c,51bc7e97d44cf34b962b5301810d45dd,2018-02-25
4723727d090decf1ca86404dfe72d373,6e9c6c2120611104445c767b78377d21,2018-02-25
7791eb26e081ed5f8dd15b40c45393a3,25f3cf83109f636d52d288fa4e797111,2018-02-25
e433edc92cb5e3ae5515301b3309e303,a5c93e7b12545f61cbf92efa2d77f1f3,2018-02-25
03c939fd7fd3b38f8485a0f95798f1f6,25f3cf83109f636d52d288fa4e797111,2018-02-25
2eb75364afee3e3651da6cdf9f57c6e1,6ef4101366e4340921398ba91fff1426,2018-02-26
33a5adbe3c5999ca418351ca4cd8bbdc,6ef4101366e4340921398ba91fff1426,2018-02-26
093b4a025c91a570d1f3b60d428b60a0,1b270bd97f6e1d9af2d5d06f0d4a80e8,2018-02-26
1239d3562a6ab53c79a35595a63c5c59,c988628b7bc5d9c645eb7a3a66f31b46,2018-02-26
1cfc85fa3b31428092f247f88bc965a8,1b270bd97f6e1d9af2d5d06f0d4a80e8,2018-02-26
4c8eac76de32572cebc64aca0f263e2a,7b08fc11e1aacd85ef2845c12a9ddb81,2018-02-27
7147bfba27147cf06600e5a1577d3a4b,65d6b6a1113bd6152e3307e99c5104c9,2018-02-27
9c9353e8fd52f68f8442e580b5f2bba6,7b08fc11e1aacd85ef2845c12a9ddb81,2018-02-27
26cdf11da38117ed1bca961a210dd21d,941c336ba35bc4cbd3c5bda62cfaa767,2018-02-27
2792c4f95b24c1a72641cd404561bdd8,65d6b6a1113bd6152e3307e99c5104c9,2018-02-27
f47f765aa8145f17ab00798fa7db8c41,514f8ca0f04813ed414874f8f422e6c3,2018-02-27
ca4eb4e29e846ee17d6d1b96b28acabc,9eaee1fe94e2155bde44087d299c0b9d,2018-02-28
cf1e42750dfb79bff91aebe7606024b8,3c3dbbf3d36a7a4587efada79a3166cd,2018-02-28
6561717586fb2d3ae85fce2964f600e1,85f1c5f9eee209d9dfb0a3e155209511,2018-02-28
30dbdad7616e8b72efea1c866a43f1da,85f1c5f9eee209d9dfb0a3e155209511,2018-02-28
7e9e110e4c60c9d33dabbc33133db636,16c1909306ce443276ee6f9b1bf09fe9,2018-03-01
ae11d192084ba3db24965f271590124d,bf482716881b0c14af9efda1fc58a649,2018-03-01
07f6c3baf9ac86865b60f640c4f923c6,14843983d4a159080f6afe4b7f346e7c,2018-03-02
acbaf2e843c77c9749c79030163c8b81,14843983d4a159080f6afe4b7f346e7c,2018-03-02
7c971e779cf367c04e3621cc1b81e352,aecd46028eea6a741edca67e93b326bb,2018-03-03
6b2f7dba402cf63ca207bbe2cc05ef67,aecd46028eea6a741edca67e93b326bb,2018-03-03
624ffe16156e4aac5b9ec7ac27ed23c6,833921e810f165ecd4d84c15c656bd98,2018-03-03
9be2a464f1c3c6a07d0744db8972a9cc,968fe295f3c0ecbab2f617917cc4c46f,2018-03-03
c1e0ca05590ed1c16d7aaa4c96fdced6,968fe295f3c0ecbab2f617917cc4c46f,2018-03-03
b80e879030f825a648abffe9d993ff6a,7330a3475a2c65878c2c9b95266bef04,2018-03-03
76b1bcac04cffba74b00e4be75f58f9f,5cc1eb5a94ab59494d63f06a5c7eec15,2018-03-04
7e725a02a94edf1bb07180293cbb29d9,cbe71e4cb0b82b97bbec5cd51e0fa3ea,2018-03-04
6b3b0b39d2a619fa308f4606d780af2c,5cc1eb5a94ab59494d63f06a5c7eec15,2018-03-04
56ee0507f806ad1a079e2905d5beff09,894382535eef1ce243ec19088626be0e,2018-03-05
caef38892cf9eefb7fa25d54e803ba20,69f2934ad8b50cc05587a94cc7d68fc9,2018-03-05
fe968a563e6c2d5c98021df7d87ce9c3,7330a3475a2c65878c2c9b95266bef04,2018-03-06
4ee98e5c36cdadbb40216412e0364478,5e8f38a9a1c023f3db718edcf926a2db,2018-03-06
de2ae79d51e271f2e078baca93a2fb05,ba612d92e422c07db037549238e3b508,2018-03-06
632532c6ace2a1281a27e66bd5f4278f,3c3dbbf3d36a7a4587efada79a3166cd,2018-03-07
1b0577d71cd408c29c2fe1c9ec939056,6594a65023bcb47539aa91b0f8e98e00,2018-03-08
8345e1e2a321e4b374a65fe12d8b30d3,19d60f65f9b28f44ae44c38a4c8cbd8b,2018-03-08
cbc956fc2a27bbc8dc18bd3a27ce7127,b17ed96ffdf66518b4cf65e328298e7b,2018-03-08
2ccfb56c4a7060de9778668844658588,1cd8e333f87e1f50169867f74c0caa28,2018-03-09
34be06fa6e60f24cfb03b4b2303d9861,a55e19719dab7efad8d5b7b0bedf5326,2018-03-09
eb09635680fadffb33358e40b05c9029,ef3b6ab8a1704ead096adbcdee78284b,2018-03-10
e23c047042de8af99ddee111258c121a,060f9ea0a180843fb91d4923b6d01bea,2018-03-10
fdc14b5e651ff7527c5ac587d5de96c4,060f9ea0a180843fb91d4923b6d01bea,2018-03-10
1be3fcdefdc438ab6f01a8547b31aa5b,27ae487d57f4443eb080d2f2c737bff7,2018-03-11
4a5ffb8eac522b1d4e4223394967f25e,2ad8e239f8d1559571036c4660a6470e,2018-03-13
bb009fab515024781676004c4924f54d,0b18593e033697810a62a987e77f4b8c,2018-03-13
e9806eb26422c1a8b79d49a2c74e6f20,851f75e1a1ffe3612cde92428a7e9701,2018-03-13
ab9de67666ec95b75b273e2905fc7844,d9393d531d07e04dfb4ec3c837ff0f52,2018-03-14
bc36a6d118d0b05ade471f42c007f030,ca4601bf00c1021bf16c4a0dad185d96,2018-03-14
48d30a78681848a5caa890b0acc9ad72,a8d344109edd5d56bed40ebbc3119129,2018-03-15
35253375b48f367b1d654e9b1d762ea7,e14b8cd578c1f576594719bce2ee1aa2,2018-03-15
95287dc5df93f25b90309d5acddbe02e,a8d344109edd5d56bed40ebbc3119129,2018-03-15
f1b64d15b1fe4c26aeffdaa46fa1004b,d74b96b7c2d42983d4eb6cac90a0d102,2018-03-17
c73df63b37b6a1c554ac695d6cf40f72,2bb7826b0fabbfdfc60c4b3c8bed7ce6,2018-03-18
0dadb750778faa5d3a1d6d69a37dc8d6,9d7dd3da22e28d7941a5c82bc3ce25bd,2018-03-18
e2b9859bf979f248fe6fa970d1710b91,7589544c08cc5de364cad85ee73f4b63,2018-03-18
62ec63f37c8ed14ce3dba43a02721f5e,02b20b7c813efede140142ac610e36dc,2018-03-19
a546163c0115aaba54fda7298ac1d55b,475d4eb16efe698064c2966acd62584c,2018-03-19
25ce3a22fa2537206c22c8bef4f9b593,02b20b7c813efede140142ac610e36dc,2018-03-19
257006b4652ed6214a889913fec6a5ca,b854c56e1163bced9c3ebf1e4a6576f3,2018-03-20
cf8734286de02dbdf9700cdf2bf07976,475d4eb16efe698064c2966acd62584c,2018-03-21
54d6f9d8f56229d3da815add65ec2408,b52b8debdefe66d4c0d7f44d9b4ff088,2018-03-22
ab8aefb183a8140b544a1eba6a139101,c6f717963e0abc6cd39c118721b6d575,2018-03-23
b325a4afad33f2c09ba50df161457bdc,2a34af7c4b1b83d78b14cf6b9c32c3b9,2018-03-25
9f5173eb1a39549202e4ea7f568addb6,2a2c5191ab8142cb20a9398971179c32,2018-03-25
671f3f58a12caea363c9e40989c7d154,d47c6b7aa871661404bb8079461ba08c,2018-03-26
8f696262d8132fbdbce8c529808084dc,a2027a1c6f9e04a875c44ea09061d3f2,2018-03-26
d2553946a905ea785bc3d4910cb10c4e,08d3756e1b19beafa1a4d80e797bb63f,2018-03-27
6a32c701681d4c31dac221f9a2848c80,56e80e4b4a777631c5399e3fd0d6ee85,2018-03-28
60787bfeaae0862411713fa2071d87db,191ecb8e7c6ebe1d8c812e2523c8c89a,2018-03-28
6d82fb84caeb4867e10314d00ee91ca1,3f94c1f7e2d1dfcf8a46d01efe28abc3,2018-03-29
a7d69ce9d8cad8e7d9b48cbdfe236bff,91e59b92e87f627abdab279ea3ab0c87,2018-03-30
eb909499d5b377c57b0af7ce0b005bb4,91e59b92e87f627abdab279ea3ab0c87,2018-03-31
fca0397489a3333e988ec1218efe40b6,a0d44d593fe455c0ec7ed8f4715190cb,2018-04-02
987cfe3348684fc007a1e9a4825eadb4,124bc956b56b1523d2a75b29a856085d,2018-04-02
c6bbde0cc0abfd5ffa9ab6da2d7391d5,a0d44d593fe455c0ec7ed8f4715190cb,2018-04-03
c92ad65cfc1951e1be667976a90d49ea,2767f1bba0529fe3f48378c05ea40f0f,2018-04-05
c4b2f28161989ed10bc95e7c3a7d1dd4,5936fabf5dfeaa6c31d9f649b5794e2c,2018-04-06
11ecb8ddc28c95c21a3ef305377a477c,8087c32811132dc185883258e467e082,2018-04-06
a50a23ee8e09f54388b66da19c633bc4,ef6f8fd740ae1fe88a80a321306bac50,2018-04-07
4fe68e1b224989d596e61f2fcf892012,2b43208d8d2b9853fa567f9f29585457,2018-04-07
8cf92fdbb4f10ea12f1dc018a35aa8c0,69768afd389429f6ec48199e5fb8e61a,2018-04-07
9990874dbb760114a8bcadec87b20b2d,b50e2c316ac14c5ad88a269716fe3662,2018-04-08
87ce1ba607d9e1d2a6bf775acaf33e98,5d48cdf4069f36c5eef7cb1ef1cf7a1b,2018-04-08
aea98a9d19779475e8dd3302d7eb5ff3,b0468c2f2573d7b6bc5bc33479785e2a,2018-04-08
bb94354031a1df0364e66b09e197bb78,b50e2c316ac14c5ad88a269716fe3662,2018-04-08
e0857a445e4a7cb184abf371f4d93509,2194d76f9cbdb59445f0f5b50ebd06b6,2018-04-09
71affeaa67493ff0db555224e59b1bbb,204efc7a771f1a33fd28465082171f5b,2018-04-10
82fd1196a459f594fb1d66e667fc74c4,c0394cfa96258a94e368499f919a3ba6,2018-04-10
185b9908e599d49428dc7b8238c8076a,56e80e4b4a777631c5399e3fd0d6ee85,2018-04-10
69f645b07a409fb02369b4f665295d7f,334d0235ca6f2f09dd55804a26efe952,2018-04-11
065a7d9057589f809082e012f696cb5d,1581a918a58a11d99c69f86d9c0d2098,2018-04-11
9760a853206ee0cabbd18c7449b4edb2,1581a918a58a11d99c69f86d9c0d2098,2018-04-12
0560690f57123e9331f5731479b2d505,adb85e5d4f3c0713ac6d43cdacdaa631,2018-04-12
5aad92458ca3d4d408c99f424de3cd73,76a0491dd70c125840fa259f00dfc351,2018-04-14
87cb6bc6178f0a340e40123b7b042243,b1153ed93605e954b8710b36c8c5f5e8,2018-04-14
ba9db9fb21617fd062fee898664e4996,85c57268150ebfe427de7685cb34a418,2018-04-16
7c25f223ac9fa74c9dbfa11e8a52f1e5,d2d399882b95e1e9c0a904871b6db6f7,2018-04-16
e7bce5a1c5efd269eabdafea3013839b,ee4a5dab94b427525ea24bc30d4442fb,2018-04-17
9e389bac73e66c3aee51848446646402,0e12743d5d1ee6fcd0f59db6ed07a1e1,2018-04-18
a730530dd5bf5940d9b50ffac9d297dd,eaf6971a8f35d692aa3aeac6c6cf2626,2018-04-18
d66a9e689fb184277bdd64317e765729,b9833a43443ed9fad7a66f9ffb80684c,2018-04-18
5225e054c102b5a1d35f4741e8d6c718,18170ac5a96bb8e48812cf402598b1df,2018-04-19
f49fba97be6948603366581e885e2a43,8897ea56bce6fe37a39cb2ec40898102,2018-04-19
06c0d448cbbe294852cab1310c63ab3b,44dbd08cc06662e0ca8ac504aac75f18,2018-04-22
d04e58d009641c790ddf6b7b41790f87,44dbd08cc06662e0ca8ac504aac75f18,2018-04-22
cd44314b084629fc21d3a0dca3147f7d,3c555d15cca5369965d1759ad9530a66,2018-04-23
24950e3fcd92f8ec85a91644c7252eb9,084be429c23e342acf5084ac6156d22e,2018-04-24
8e6e7d37d25c7e66e66f8be5a34da04d,b1153ed93605e954b8710b36c8c5f5e8,2018-04-24
17200822bf0cbc26df339538be1384d5,65ee274b862c5c053367be8a70dbc029,2018-04-25
7b8d0a893743d55557532e35a0b73a31,c694ffd0ff6d172ecf34fcd4202c8693,2018-04-25
97c0b85c5bae37b717f76b868014a84c,92b8de09442a699114aab3a6544636a0,2018-04-25
cd81fccdeffb11e33de701e2c53c85c6,67bddde1844b238fe25995cde1612b4e,2018-04-26
d736797e446b9c7bc072d55b49748180,71d790b151c0349e5f5b2fbb4fbe1321,2018-04-28
3237491ee1f51f346e175b2dc581b734,55efe0d41e47d41465ea4fb5f8badee0,2018-04-28
87980ebda651df2ddec79138c0366d96,29f8e372b3b1d42ad2e00a0b976bfc34,2018-04-30
a62e5e820da4b79811ca945d941fff8b,b608532e04a3070b4b31178948f5c43b,2018-05-02
9941c14602ccbe66611b6a4b8fe01d99,7a350426024a624cef97f797c408db97,2018-05-03
3e272c0e88b4c65c4480ef4d2ca44b92,b20c6505279f1beb9c862000c094ebc7,2018-05-03
bdb36280069ae2b266d0213e7ce5261b,b20c6505279f1beb9c862000c094ebc7,2018-05-03
295b0d5e43bcba38d1f33206d5a40594,f4d09775207d6e7911b36c1b43d1686f,2018-05-04
66aef8b9776b9fbfb4ccebc6f3d984bb,204efc7a771f1a33fd28465082171f5b,2018-05-04
3211a50b2771974d1a3a57054cca7dbb,ab58f2fb5f71caac6366303095c0cd41,2018-05-05
fd8acdf929a762e10cb02698d2116fdd,d052fe86655dae0e952c1bacbbb99d7a,2018-05-06
3a8a097ab8e052e5f80441c9eb0d6b3a,ba09cdff04586794fc557641afb2bd1a,2018-05-07
456be31c2b2f9d2c2af2e828084a8511,22368ffd50b3053231db9241f9d3b1fb,2018-05-07
398f1723ca5725d585fbc000ec3edb05,9eaee1fe94e2155bde44087d299c0b9d,2018-05-08
91021949691f50cf0608e62a2b5efb31,b608532e04a3070b4b31178948f5c43b,2018-05-10
2e429ae793d0065e4efbe7040c5e3203,c300bae67265f51a879598ebf9c49c92,2018-05-10
108f58a6439933a88e7950ee7b46ec11,3a41ac64aa715256d81e129f02b451bf,2018-05-10
f45306d2f1da638e61e75e83d5c7214a,2493491651cf2e1b94b1585266b8b0b4,2018-05-11
008990da719764fb392914d8ab53ad04,d3391cadc57741a0defe8a569e476813,2018-05-11
f71d58fa033d5d4e4425df56015ad62d,3c555d15cca5369965d1759ad9530a66,2018-05-13
b846fa269a96d935cbd973f6ba217a6a,a26b156b97861290e0b947bcdf2b1abf,2018-05-14
80eb061ace1abe7c2ba1828e00492f23,b868216cb95b47cb4507e885b1800e94,2018-05-14
f5508c24aa4418c7069ad5a43b06bdee,88fa5cefa0ddcf019e8c75e50ae0c703,2018-05-14
879a6ffe6389453946ddcaf7bde51975,90cff256277583b951f72c0d7fd4ade2,2018-05-15
82ae4ace0b3ec2734319bd238e822c68,2c865eacd7c3a6501b17f1eeede48c0c,2018-05-15
77aecc9798d57db2f5a83579783cdec7,2d1685d91e7c5959eba292c2a484ab05,2018-05-15
23c0fb66f3afa483b302cc740b14f17b,7a380cb5434e6b6b5b37d45bb99dbe8a,2018-05-16
414b227d34e12d2c95093f0bdb4c44bd,a2027a1c6f9e04a875c44ea09061d3f2,2018-05-18
ab010289ce552581dd007c7276d4e276,9c540c186d344c460d85726b531b287b,2018-05-21
a9903e12b56d3ec4c2de257bfe2cdc80,f613612c35de4ffbbdb680f32e3baa80,2018-05-23
71822a8b6993991560c8feb50026203b,60a1f47e0fe477c72db23f47b973fad0,2018-05-23
9ba2e8784e3e43f617fd0faa356d309d,1db6862cce82fb8c96d4ce9e0fac97b3,2018-05-24
95cf9f239f724799131f7ca949209bd9,65ee274b862c5c053367be8a70dbc029,2018-05-25
d5feaf42ebb0105f527be0c6dd622b80,d24ec587c6d6712bda66a2ed1ae3da25,2018-05-26
65a05062e11f3e5121cd0e0723bf765d,ca81b113dd524c7ee478cbb33306d0f1,2018-05-28
c164550f33679da3d32b3ce6078cffda,f613612c35de4ffbbdb680f32e3baa80,2018-05-28
8d37e7a787d783b75379ef856107b40a,1b1fd68c1a9683c4b34bc6b61ccd9ee7,2018-05-28
eb93e1cf85b4a7ca753e6b6bca9cb1bf,563e4637f3b1ef81c3240eae0ee51ecd,2018-05-29
4974bc485d07cad8b6e5000a345bcd50,4bb97ff40d9e2fecefaa62fbce588e34,2018-05-29
9b09902ff42cd359909e5203a008a921,9d9e66e0aa0c3e3679f222b49308ef46,2018-06-03
06cd9d207dfbdde70cff4074b5b3dfaf,2d5e5796e7901464c00407e69739c6db,2018-06-04
cfa24f77a1afcf0827e88b162f7cf0b2,878d1683076172a5b7ffc7126ba99acd,2018-06-05
bd1e1a304d04fa76626646f8efa12f77,334d0235ca6f2f09dd55804a26efe952,2018-06-05
9b948dcaaa76c166e78628262127e680,d7fa35aacfc594ff5bdc2fe7c2e18a41,2018-06-07
010efe60bdadc9261d1902f3c1dda5f3,ef6f8fd740ae1fe88a80a321306bac50,2018-06-07
d931b40ce94a288787de6e568f9a76b3,9a7e25080c07e847ea2cfcf2e0cf5d53,2018-06-07
091c0f9393510fe12cc5409a2601ff22,a31ef19138e1e8ddad1c8c30612a044d,2018-06-07
83c0700d6e42c5b6cd1fbf3e593ea4ca,805e5a317f4b3e1afccb9dfd71287a36,2018-06-08
74337d4b8aec7d9b18c016cff22129fe,fa4b986ddd49f0ac5f9b30baae85c8e4,2018-06-09
f483c3a05f63d1b1c82df2e3a91e5d86,5267121ed09fd7fbc27ca6dfb1c0415a,2018-06-10
35b9c0045d40f9bf824fcfae2b54a645,23663615018d37f3237b7932875c56c9,2018-06-10
17e73283864f2c7bbdb6856a2b7bc13e,78a038d19f31c40c5dd68c112ca00ad1,2018-06-11
4941da6e1a4eef723674c7148152c4f6,7a380cb5434e6b6b5b37d45bb99dbe8a,2018-06-11
90b3ad8bf9574cb0d847fca8a31bdb75,bc44ed0b2f2ebe13739fa3f100b8a03a,2018-06-11
2bedc0d7231e504d0476c606108e7e73,d8dc373219d0f95053c8d65df85a7f1c,2018-06-13
b22331e9a36bc5d09bc4d29486765554,5d8d6b43f3f42bcc94e23a6729ce16c3,2018-06-13
ae1b14b57f98fbf9a364b91093c93e40,78a038d19f31c40c5dd68c112ca00ad1,2018-06-13
50a27906921dc9ef4b7afa6cdb04649b,18186af785c301b05127a291eac901e1,2018-06-14
cd239f71675e9f51850ea7da61cc3e6d,53be1842ffad4f91d5989d098d64411e,2018-06-16
d1d768d42cf0f3a2effce95ea71e111a,a55e19719dab7efad8d5b7b0bedf5326,2018-06-19
b3fb87dd5ffb58351fd40c4f9fe03cdf,6c5ce6b9d419df2b111d90a6e85a10d6,2018-06-19
6233c53ce8bfd732fc643c0443741c5b,4755e6cf97a25760ab159e0457c84a29,2018-06-21
5bdb3afa1eb436b9c3de3957a486980f,98f118214ff3eed20db45a03da54352e,2018-06-21
7b5f89bc09d40a73b09b4724e2680fa2,a83a9065ad1c999f1d931a035b36fbb5,2018-06-21
f25f0fc51351ac9fc1dac7f8fbe59470,dd29549286f2438156bbc8e57b04c98a,2018-06-23
35b7d83c8629ba8d0f718d9d293cf436,bf087cbc0138d7066e1c41d1a97973dd,2018-06-23
3525c1f0c416e65d601c6a9b2ecc9e96,884c2ea131630d0d28f1a771be97a1bf,2018-06-23
61b99e917a3da2c77c1a3ef38cdf38de,a0abd26659c9914690cbd3320d39fd96,2018-06-23
40e4b27fe658a1c1e627e503b29ef734,7589544c08cc5de364cad85ee73f4b63,2018-06-24
d12bc53f5678ff02dd4b2e82bae44705,abb40fc70fc3e5e9478481ae51c620c7,2018-06-25
3153710333d5f537679eb85bc07bf953,67bddde1844b238fe25995cde1612b4e,2018-06-27
2b62c1f2514954fe162667774af50ba0,816092f5825c3e2cdfdd4af546d4d04c,2018-06-27
6ea34077e85038c0ecea08593783a1fd,bf087cbc0138d7066e1c41d1a97973dd,2018-06-28
eb6fa782d366bcf155b957687a9d602b,a26fff917d367b218a794da1eecba3fc,2018-06-28
685f8172db0440c031fefe2081cbef7f,a26fff917d367b218a794da1eecba3fc,2018-06-28
75b60fe8ae4a01ed4c3152a11651218c,d16f2966cda34d01f661bfc50635edb2,2018-06-29
1fcbc88015c88c1a14d4b8ec35ea8ed7,6bf558c1aae5004b6a410c3294c5e119,2018-06-30
3f3f8127c7e0537f9f74550f3504f93d,270c0ad2a232e4a10be51000bc69eb03,2018-06-30
d026317579e25a9dc30205ba3dfe5b96,e0d4922fb2fb772322ec0bb273330874,2018-06-30
cc2a815c27056f7c5770b6a14d422863,4ad4d9be004941fb8e0ffd31ddbf1f3c,2018-07-02
68c266b203d2b5b9e4f724d2b0bf532f,bbc899bfb3ae2ffb2d9e3a4eb99ccdec,2018-07-03
933824572e25f2482e2b59e73b1c9858,5a689ab0069d25bc6c2be47d4b3863d4,2018-07-04
1534266375dc7e304dd7e81942cb25cd,0adf937023cb46e9ee666d3d4ef106dc,2018-07-04
32be14d87b5440681042a2135db3e6b5,cd7cfb30414777d6586f1ccb79cc1cb5,2018-07-04
4d0bd88af1748e0658ddfad3100b2958,c6b2ccbe75ac5addb40fcff5db96a5c1,2018-07-07
5a213cd2c31b85edd98ae1ab50c50aee,0d78d100c97e5e0723d862a95ca0dc84,2018-07-08
64439b9234594e291aa9a30c226f257e,c350a1f3b7f5017af760960b265c525a,2018-07-09
9b284ead0b827957b9e9ee5f48128bd5,6bf558c1aae5004b6a410c3294c5e119,2018-07-11
b8eaf5e9d1583c47190523695464e441,3a41ac64aa715256d81e129f02b451bf,2018-07-13
31b60e74c21a868ce2a24131035f8636,d058b72f6c555453684448396a10bdef,2018-07-13
44d9570957b8244670f565604344b98e,67c9b382e621d5d8d70ce1b53743fe3b,2018-07-14
fe05c6dcaf512456a03860df06cc034c,4ad4d9be004941fb8e0ffd31ddbf1f3c,2018-07-16
e46feda6e61a3f6fbfb0b230faba9640,0c64aaab923a382be483df459fc8d687,2018-07-17
51bfdb83aacf1064814782f7109c6365,0f8d448abff2629153131d6273a49a5e,2018-07-17
6f11c30244bc873b633797dd9ea4fced,f292bb213af6a3a5046c535db18287d1,2018-07-18
db103a5891ce37dbf3a84d9273f55dbe,b9833a43443ed9fad7a66f9ffb80684c,2018-07-18
715b8576b74d53796bcbb107a201eb55,1772c0fbee58b154da028487de51b74c,2018-07-18
230429e6f253f9cd6561aad72ce7ee2f,1772c0fbee58b154da028487de51b74c,2018-07-18
1349d7f4ec671ded42f2360828965692,070acf4df1234a6257809e4e79644481,2018-07-18
aefdcf39aab5b3cadf59cdf0eafcbcb2,cc5645c2bc88ff7a0c423b03050a0e5e,2018-07-19
32b1d3f7e7a0149ea3c10792131839d5,46014217dceae9154e4f85ae292bc9d0,2018-07-19
a0ac0049119c70e88509f0c8e30564e8,46014217dceae9154e4f85ae292bc9d0,2018-07-19
a336de4bbd836a89f9cb2a5b58ed2578,94cdb721bcebdc1abed657ece8d70413,2018-07-20
2a903dd5e53423b47484fd2130e2b6c3,eb3206b9062c66139a8d70a74cc17db5,2018-07-20
70263f30f6180c7ca277e4dc6c4c19c8,f5ac2100b41aa5ec969d0c252800a23f,2018-07-21
6d70b44b2d0742e51c0434faba7c9afe,31955ab63d5898c22935aa10c6522c8f,2018-07-21
b461e43868116fb81d1d91959ae5ea65,084be429c23e342acf5084ac6156d22e,2018-07-22
40d390835e3da901802d4c3b4b184863,3d1ebae4e6b553141e99a3fa5c3f21fc,2018-07-22
5f24b613363e4af7466a250aa815a170,f9b5d3c8bd2dc9c26ff00bde73171554,2018-07-23
d30c22b84ba5239f2ae0fc078be7611c,3efe8677ea2d8eb0634c53ff5812f75a,2018-07-23
06be8b2c2a6e818814aa5416c3512ca3,10d5890ed5e7ec78a7db23b5ac579b17,2018-07-23
0ebd409ca379ce0ed8b24e8f5a59a8ea,5a689ab0069d25bc6c2be47d4b3863d4,2018-07-25
2d7259ea0267605a75c5d2a55c1470bd,ada82f7ac72cffa92b5603a2ff0414c5,2018-07-25
aeb70ca14a984230b34a6cbf48fe6d8a,eb4520b16c32518b6615f2d50f1be1bb,2018-07-26
6bcee650c0948a4d061fbac64d157ba5,929f67fce8f269879084f50385a16354,2018-07-26
681f6998a6bb650120b24343fb7aab6a,8897ea56bce6fe37a39cb2ec40898102,2018-07-26
10251ca016384afb8d4954da5fb3b419,fb7a109ee7860f4abed0072c7b43f8a5,2018-07-27
8bbbef97d763f4dcf2e12cc5b5e0cee6,5936fabf5dfeaa6c31d9f649b5794e2c,2018-07-28
0193a99edc8c599aaa16f9b9e991efb8,5f8ad624020f7db33a63d5a0e5d14348,2018-07-29
176e0d39e50430555a62ad6d1bb9c25b,e5912280c9d8c14b4e7778df669dea07,2018-07-29
2e55db958a20257bc57183a4e74e6b47,4e1cce07cd5937c69dacac3c8b13d965,2018-07-30
60b3db6cf502ca52a4a43946008b1600,85c784fe58edee18f99a25eb11b2e652,2018-07-31
4e9d991478ce9d386648f6dd85475b6c,e5912280c9d8c14b4e7778df669dea07,2018-07-31
ac416b71ffbc5fbfe4b5cea8a05b0d4d,6897ea9a949c1009af8cc38e691f260b,2018-08-01
3f60c18dceaa348eb8891eea71a53dc1,ab5cc494deb02196afe86cac127ae4e9,2018-08-01
3f56a22363145eb59c7fb42254d3f345,862b2c6ccf4352c087cd60cdac498b48,2018-08-01
f3d2d81bbba5674341cadf212e3ba72a,5f8ad624020f7db33a63d5a0e5d14348,2018-08-01
d379476af4ac3bc71f0f857e9f2827ef,6897ea9a949c1009af8cc38e691f260b,2018-08-02
57cbc8e34a5ceffb92f8b3193e4ffdb8,7cecee7f130941c470e112c8c9234e4e,2018-08-02
a22775141b5e773fb0dec808e36bf9f4,1aaf8586442c8d4d86aa61069f858c20,2018-08-03
6dc8b8f970d5256ebe88e075c1428321,c7c19110042036e6266adc998cbf1289,2018-08-04
3006835c4c3c11d4869c6bd3d346dca0,a61a0484f0c42f81f6299b8d89123823,2018-08-06
f1e56e6888d31427f56814ae6077aa45,f1c08d13b8520a6efa197627fada3a56,2018-08-06
a5ce51395d295fe2c816182f79c81866,7ad04c71bfca958e6f2ec44bce34e2da,2018-08-06
6563b375a3fad2d240225b16ee246f68,b52b8debdefe66d4c0d7f44d9b4ff088,2018-08-07
6b87336da12a7508327bfe1c03855707,d8dc373219d0f95053c8d65df85a7f1c,2018-08-08
5bf626cfef41ba2207e9c4ac9b380a64,44724750c1d81a95ef81e1ddb0fe80b5,2018-08-08
693f8bb47e6135ecad76616fa2596a05,4512070eeda071f62cde3a31ded19f8e,2018-08-08
91cad3260fc3d7cb677fe27010618ab1,f5701b11f50fd7209dbed89d10c84e8d,2018-08-08
1e61c2d93012f7a32fe86de9bafc3a1f,b0468c2f2573d7b6bc5bc33479785e2a,2018-08-09
8c7743df5e89b7178ace0e9b7afe5208,a61a0484f0c42f81f6299b8d89123823,2018-08-09
b66f62c3c5b15126deea5d6bb1d75889,eb8d2efedf1ad20c664fa356b6286259,2018-08-10
2d89599c5c8a739bf6d061f82bd09032,2381aabb8ad1faa91c14e6200ffab4a1,2018-08-10
47106caf7707ccc0552581877874349f,15a52a044cbf18c87283f8c460ad5ccf,2018-08-11
c19e5e606043fc8b33023f0b377e2e55,72421b30e46c895e99e8560a48a33fb6,2018-08-13
d7f1fc795c94efd3a00141a5f8a2c9d7,7934187db6e4477f02fa27ba1b764465,2018-08-13
64be1ceac437f2eed73e5b001d190e97,15a52a044cbf18c87283f8c460ad5ccf,2018-08-13
1e7b55dfee29c0ed7edb54c8cfeaf244,270c0ad2a232e4a10be51000bc69eb03,2018-08-16
f3ee55bf50ef2f2318599425ef80107d,72e05cde2a8e5d8f08ca3ef3bcfadc63,2018-08-17
ef22458e7cfa237cd68b3be657f4f0c8,72e05cde2a8e5d8f08ca3ef3bcfadc63,2018-08-17
38d4d6c821c0cda17600c430495f6a06,a1ec25928532606ff2a113ef95963c12,2018-08-19
7514404922bc617c41f9b47f003a3350,7ad04c71bfca958e6f2ec44bce34e2da,2018-08-20
f4f27728bc1b0f7edcf725ffdcdf7ce4,c694ffd0ff6d172ecf34fcd4202c8693,2018-08-20
2d4128c16198542b771a2487095657c3,b976609d89b5d8e250312f30cdd0fe9d,2018-08-20
d37f6eeb2d27fc449e65051940060719,46ed126bcf1df6e195dbc63d7c320983,2018-08-21
0feb8ce954124d3e3d8338c573a9c523,f52cdb6ee80cbc9c54ec6c633597a371,2018-08-23
