order_id,product_category,price
008990da719764fb392914d8ab53ad04,computers_accessories,35.9
00c42b1633c1b2fa4e937bf312466561,furniture_decor,39.9
01094e169d4b14edaf6954eeddb83633,toys,79.9
010b143d83a59b355cd5a75c0f0fd785,agro_industry_and_commerce,22.0
010b143d83a59b355cd5a75c0f0fd785,agro_industry_and_commerce,22.0
010b143d83a59b355cd5a75c0f0fd785,agro_industry_and_commerce,22.0
010b143d83a59b355cd5a75c0f0fd785,agro_industry_and_commerce,22.0
010efe60bdadc9261d1902f3c1dda5f3,computers_accessories,110.0
0193a99edc8c599aaa16f9b9e991efb8,books_general_interest,154.9
01dcbb39823b4cda39ddcc6679fb00ac,furniture_decor,39.9
01dcbb39823b4cda39ddcc6679fb00ac,furniture_decor,39.9
023efd060c082063e299dc77891ea1b7,sports_leisure,48.9
02875e2e1d01d7a1533215fb97510b06,stationery,199.0
03c939fd7fd3b38f8485a0f95798f1f6,home_appliances,26.0
053180cf4b0cf3f7a300e2e42ff01da9,garden_tools,59.0
053180cf4b0cf3f7a300e2e42ff01da9,garden_tools,59.0
0560690f57123e9331f5731479b2d505,bed_bath_table,139.9
065a7d9057589f809082e012f696cb5d,auto,51.9
0666806082c797ed8410aadc2e08f286,furniture_decor,59.9
06be8b2c2a6e818814aa5416c3512ca3,telephony,27.99
06c0d448cbbe294852cab1310c63ab3b,bed_bath_table,149.9
06c0d448cbbe294852cab1310c63ab3b,bed_bath_table,189.9
06cd9d207dfbdde70cff4074b5b3dfaf,luggage_accessories,77.1
0771233ce445ab49cb2542af0243618e,books_general_interest,27.92
07f6c3baf9ac86865b60f640c4f923c6,fashion_bags_accessories,34.3
091c0f9393510fe12cc5409a2601ff22,bed_bath_table,74.99
093b4a025c91a570d1f3b60d428b60a0,computers_accessories,69.9
0944dd6401b58739dc030557fb149b25,computers_accessories,47.9
0be5691eb4c245d190a1e194494f754d,watches_gifts,79.9
0c02a4cb5207e682d63a1343cbddd13b,computers_accessories,84.0
0c0b20eb744a9c5ec1611dfd81da6165,housewares,152.72
0c65b1e5ce7f6d1bcc961e3a2d740d3b,sports_leisure,79.0
0d123aa33c3954b2685ef6807ffc9bc0,cool_stuff,158.4
0dadb750778faa5d3a1d6d69a37dc8d6,pet_shop,105.0
0dfedf3d432d2cdca59a3ef16b313db6,health_beauty,89.99
0e1628ef32043a2e0c0d7152af698bd1,furniture_decor,59.9
0e62b7f0d74e42edd997cf3dfaac54c2,computers_accessories,949.9
0ebd409ca379ce0ed8b24e8f5a59a8ea,health_beauty,9.9
0ec153c68d6e5b0dfe5128a34ffe6490,computers_accessories,71.8
0f7aa32fdabc5a9e10d0e9da37110525,bed_bath_table,200.0
0f9458a3e4a303f60f99659d29645ee5,furniture_decor,38.4
0f9458a3e4a303f60f99659d29645ee5,furniture_decor,38.4
0f9458a3e4a303f60f99659d29645ee5,furniture_decor,38.4
0f9751081b734220a998be212c391523,auto,199.9
0fcc817e41a60bbb439c5ce638f62f31,furniture_decor,45.9
0feb8ce954124d3e3d8338c573a9c523,watches_gifts,55.0
0feb8ce954124d3e3d8338c573a9c523,watches_gifts,45.0
10251ca016384afb8d4954da5fb3b419,office_furniture,289.9
1078d496cc6ab9a8e6f2be77abf5091b,toys,81.0
1079ee0942568d7c4778bad8d4192e0e,bed_bath_table,49.99
108f58a6439933a88e7950ee7b46ec11,health_beauty,35.9
10e722e25378399056392a2c2c5ff9ba,bed_bath_table,26.9
11302d4542ca6da5b505416f9e04f0a8,toys,39.99
1171e6b0edcd799330be154f3dc4d93b,health_beauty,326.16
11ecb8ddc28c95c21a3ef305377a477c,furniture_decor,149.0
1239d3562a6ab53c79a35595a63c5c59,bed_bath_table,53.0
12fb5d0cb33d4e9aa4d07b4400346153,furniture_decor,39.9
1336e40005c591d3d84862f0e9035882,pet_shop,66.1
1349d7f4ec671ded42f2360828965692,construction_tools_construction,34.0
1349d7f4ec671ded42f2360828965692,construction_tools_construction,34.0
1349d7f4ec671ded42f2360828965692,construction_tools_construction,34.0
1349d7f4ec671ded42f2360828965692,construction_tools_construction,34.0
1349d7f4ec671ded42f2360828965692,construction_tools_construction,34.0
1349d7f4ec671ded42f2360828965692,construction_tools_construction,34.0
13b4f8c4b570d25d95bfd3c915ed9c38,computers,790.0
13ed81255fbefb7db48926a0a30e0674,garden_tools,126.99
142b64dc3a09842572df17bdca68b5f3,sports_leisure,239.0
14675586d82f55dea6b8b539f427ccad,electronics,18.9
14d35062b86c2e1f69376af68e9e2a1e,bed_bath_table,89.9
14d9794bbb53614d12cc2df6a045f82b,computers_accessories,99.56
1534266375dc7e304dd7e81942cb25cd,agro_industry_and_commerce,229.0
1539409c01ad8a5e32a2574668ad975e,perfumery,39.9
153b80864a22f0638fef4339488a2cf3,computers_accessories,189.0
153b80864a22f0638fef4339488a2cf3,computers_accessories,189.0
1591f1de66fc6657c009d107db35c4d2,baby,24.99
17200822bf0cbc26df339538be1384d5,health_beauty,92.49
173be97f981ae72384ff95a719544e7e,bed_bath_table,88.95
1749aa0c3e963525049e36964941cee5,sports_leisure,54.9
176e0d39e50430555a62ad6d1bb9c25b,watches_gifts,44.0
1799b503cd7c2cbd801e75dd72fe3069,computers_accessories,199.0
1799b503cd7c2cbd801e75dd72fe3069,computers_accessories,199.0
17e73283864f2c7bbdb6856a2b7bc13e,housewares,128.9
18448ffe871a865ac41ace28ce8e5079,housewares,59.9
1857f0409d8180beab0cbec5cd97478f,telephony,21.9
1857f0409d8180beab0cbec5cd97478f,telephony,21.9
1857f0409d8180beab0cbec5cd97478f,telephony,21.9
185b9908e599d49428dc7b8238c8076a,housewares,67.0
194c72d466120c8e1241d610c72cc5e9,furniture_decor,295.0
1a4bf675df415785d3d9b3f3521988a7,bed_bath_table,69.9
1afa51208ad0fe3d17577387674e6924,housewares,25.0
1b0577d71cd408c29c2fe1c9ec939056,housewares,110.0
1b151132de254c39a49f595684c80b41,luggage_accessories,72.9
1b151132de254c39a49f595684c80b41,luggage_accessories,72.9
1b25b7f6d3514c227d59499f63573fde,furniture_decor,119.9
1b41fbc113f284d979a4b5c94e2a918f,sports_leisure,1599.0
1b45f3d92af5691c2409e2a40332875b,toys,299.99
1b5c359c2188ceeab2777c0d27e7c343,drinks,57.49
1be1c706ca05fafa2f99d335601e9293,health_beauty,59.9
1be3fcdefdc438ab6f01a8547b31aa5b,bed_bath_table,19.9
1c308eca3f339414a92e518e2a2e5ee9,bed_bath_table,49.95
1cfc85fa3b31428092f247f88bc965a8,computers_accessories,110.0
1ddc3d70dd69c4803ec86c7d987591e1,health_beauty,19.99
1e61c2d93012f7a32fe86de9bafc3a1f,sports_leisure,47.0
1e7b55dfee29c0ed7edb54c8cfeaf244,electronics,16.9
1f1b93186b0c7281daf8f6c6145279d6,furniture_decor,39.99
1f2c730715e25c512d5beee0f697bedb,electronics,24.9
1f2c730715e25c512d5beee0f697bedb,electronics,24.9
1fcbc88015c88c1a14d4b8ec35ea8ed7,pet_shop,42.99
1fcbc88015c88c1a14d4b8ec35ea8ed7,furniture_decor,39.9
1fcbc88015c88c1a14d4b8ec35ea8ed7,sports_leisure,42.39
20059d45d5d6464cbf4fa0515c3830a4,perfumery,369.0
2011387fcf68d0d56838be05771c4db8,sports_leisure,69.9
20316f53ea8065f870f90eb423b39b1a,watches_gifts,399.0
20368ff725d0f3b5adf1ab319ccecb62,auto,179.49
21826e0954bd6550ea7b7a5665bc636f,housewares,89.99
21826e0954bd6550ea7b7a5665bc636f,housewares,89.99
2191c4b8b5384ed556dfd154ce6e319c,telephony,24.99
21c9e1884faf91f5fc65224d92b2ef83,tablets_printing_image,99.0
2256d7dbbecb2b03c2cb4423793570a1,telephony,22.9
2281b9a155dc821e33ba9e7360964450,telephony,29.99
228ad7bb45b5912a1c70a68be5d4b951,toys,50.0
230429e6f253f9cd6561aad72ce7ee2f,home_construction,119.85
236ff4e9c2ed220ff9d4186b729379b8,furniture_decor,12.99
23c0fb66f3afa483b302cc740b14f17b,housewares,88.0
23c0fb66f3afa483b302cc740b14f17b,bed_bath_table,124.99
24257d104a3908bfd7b8bc9f6e1a2039,electronics,16.9
24950e3fcd92f8ec85a91644c7252eb9,bed_bath_table,69.9
257006b4652ed6214a889913fec6a5ca,furniture_decor,39.0
257006b4652ed6214a889913fec6a5ca,furniture_decor,39.0
257006b4652ed6214a889913fec6a5ca,furniture_decor,39.0
259e9a3ad6d4f56fd550257b47ed152b,bed_bath_table,89.9
259e9a3ad6d4f56fd550257b47ed152b,bed_bath_table,89.9
259e9a3ad6d4f56fd550257b47ed152b,bed_bath_table,89.9
25ce3a22fa2537206c22c8bef4f9b593,computers_accessories,88.0
25ff38b3eac37d28ac1fd35e41393218,auto,99.0
2613fb342bec59126f9c5180a5bc95ec,furniture_decor,49.9
26cdf11da38117ed1bca961a210dd21d,furniture_decor,99.9
26f12055119a6272956b9ceaef2a6233,sports_leisure,209.0
27587cc5a5f975239e49460102252868,garden_tools,99.98
2792c4f95b24c1a72641cd404561bdd8,small_appliances,199.0
2847c1e42885f76be2e67b11d8bd813d,furniture_decor,34.99
291cc6d48f9475a822aecd9c9a78d4ac,toys,69.9
291cc6d48f9475a822aecd9c9a78d4ac,toys,69.9
2942d87f97c462f2c402070d7e2c1882,home_confort,86.9
295b0d5e43bcba38d1f33206d5a40594,health_beauty,48.9
2a903dd5e53423b47484fd2130e2b6c3,stationery,24.0
2b62c1f2514954fe162667774af50ba0,furniture_decor,39.0
2b62c1f2514954fe162667774af50ba0,furniture_decor,39.0
2b745ccd6f667dcd824b9ab05352b0dc,bed_bath_table,106.99
2bafcaecb60350e62797b7bfd0fa1e54,perfumery,127.99
2bedc0d7231e504d0476c606108e7e73,books_general_interest,69.45
2bedc0d7231e504d0476c606108e7e73,books_general_interest,69.45
2bedc0d7231e504d0476c606108e7e73,books_general_interest,59.99
2c398232e6fe6bb3416c2cd54a5b0b28,baby,20.99
2ccfb56c4a7060de9778668844658588,watches_gifts,258.9
2d4128c16198542b771a2487095657c3,pet_shop,69.99
2d4bc14df7f5eaf36d2ef6d9a5b7c0d8,bed_bath_table,69.97
2d4f4cfa89af135842ed4770de178752,sports_leisure,63.92
2d7259ea0267605a75c5d2a55c1470bd,sports_leisure,79.99
2d89599c5c8a739bf6d061f82bd09032,home_construction,210.0
2da58e0a7dcfa4ce1e00fad9d03ca3b5,stationery,97.07
2ddcc2305498e7f001b65b9c28b48072,fixed_telephony,102.0
2e01a346da3f76c4a30e7ed7b3aa0d9a,health_beauty,6.0
2e1cd6330c3813613972ac6976386c33,health_beauty,19.99
2e429ae793d0065e4efbe7040c5e3203,watches_gifts,118.0
2e55db958a20257bc57183a4e74e6b47,watches_gifts,45.0
2e84df8fa5a2f0d5eab815d6c157b1f3,furniture_decor,99.0
2e84df8fa5a2f0d5eab815d6c157b1f3,furniture_decor,99.0
2e87cd077eb729dac6f6035112105f51,computers_accessories,20.0
2eb75364afee3e3651da6cdf9f57c6e1,bed_bath_table,69.9
2f7e28557591670c3bafadee171c72b0,bed_bath_table,113.57
2f972348117659ed047953f60257c3cd,housewares,85.0
2ffc25e4c67c5d5ad8a0142b8f542d4f,home_appliances,69.9
3006835c4c3c11d4869c6bd3d346dca0,telephony,11.87
308d6f3a55688463299b7763b12bfbae,sports_leisure,18.99
30dbdad7616e8b72efea1c866a43f1da,baby,47.9
3153710333d5f537679eb85bc07bf953,furniture_decor,99.9
31b60e74c21a868ce2a24131035f8636,computers_accessories,99.0
31db9cf54c43e0190666ce0c1a3d0e9a,fixed_telephony,29.9
3211a50b2771974d1a3a57054cca7dbb,health_beauty,64.99
3237491ee1f51f346e175b2dc581b734,housewares,24.8
32b1d3f7e7a0149ea3c10792131839d5,bed_bath_table,62.0
32be14d87b5440681042a2135db3e6b5,health_beauty,299.08
338d127554d67a15cb4e257742847056,auto,550.0
338d127554d67a15cb4e257742847056,auto,550.0
33a3edb84b9df4cb49546859b990ac6d,garden_tools,49.9
33a5adbe3c5999ca418351ca4cd8bbdc,furniture_decor,39.0
34be06fa6e60f24cfb03b4b2303d9861,bed_bath_table,159.9
35253375b48f367b1d654e9b1d762ea7,baby,35.0
3525c1f0c416e65d601c6a9b2ecc9e96,musical_instruments,59.9
35b7d83c8629ba8d0f718d9d293cf436,health_beauty,160.0
35b9c0045d40f9bf824fcfae2b54a645,construction_tools_construction,42.99
35ed6b2bbd7deca1e23166bbe62f49ca,watches_gifts,108.0
364b5f3b94152788007c68501e6c79b9,cool_stuff,229.99
3734ef852a0ffc47fd80c97740466f68,computers_accessories,349.0
3749ffb24b4dec6d0cab14cb31e4fa94,perfumery,196.5
380d50b5c05704dbe91b19b8003ea60b,furniture_decor,59.55
3818dcc3b7bd25996c0f1684437f019b,bed_bath_table,90.1
382e8f286f0c03a978e78372405fd3de,stationery,199.0
383730d8be253fb34891920a417f2861,sports_leisure,139.9
383730d8be253fb34891920a417f2861,sports_leisure,299.9
38d4d6c821c0cda17600c430495f6a06,health_beauty,122.99
395363317a9cc3945212a000edf960d3,watches_gifts,145.0
398f1723ca5725d585fbc000ec3edb05,health_beauty,137.9
3a17fd4120bf394dc3968c52f703fe07,fashion_male_clothing,69.9
3a17fd4120bf394dc3968c52f703fe07,fashion_male_clothing,43.0
3a8a097ab8e052e5f80441c9eb0d6b3a,construction_tools_lights,169.99
3aefaf9d41208dba8b2c336def99b00f,bed_bath_table,39.9
3afb5554304bdc748e0b05b9b8fbb9ba,garden_tools,49.9
3b2306ebbd3f8e2923984f42b2c03228,watches_gifts,165.0
3bae20c7f7ad4cf125d51f381c55f8e5,computers_accessories,76.9
3c8194a8d47f5852dcd52ccbf364596e,housewares,49.9
3e272c0e88b4c65c4480ef4d2ca44b92,home_appliances,16.9
3ea82ad47a5a11ed6d1cb5e1e8343b9a,furniture_decor,29.9
3f19625b4e47cbd93b35ea05873667ee,housewares,169.99
3f3f8127c7e0537f9f74550f3504f93d,health_beauty,35.9
3f56a22363145eb59c7fb42254d3f345,sports_leisure,42.93
3f60c18dceaa348eb8891eea71a53dc1,sports_leisure,64.9
401aaeb144fdc31e60486809bf917ce5,health_beauty,239.9
4035b52134bcb1bdaf305b4671495372,bed_bath_table,85.99
404ae63d165e7de5dd0bade9787b50c0,watches_gifts,1400.0
40d390835e3da901802d4c3b4b184863,perfumery,14.9
40e4b27fe658a1c1e627e503b29ef734,housewares,10.9
40e4b27fe658a1c1e627e503b29ef734,housewares,10.9
40e4b27fe658a1c1e627e503b29ef734,bed_bath_table,47.9
414b227d34e12d2c95093f0bdb4c44bd,bed_bath_table,39.99
414b227d34e12d2c95093f0bdb4c44bd,home_confort,89.9
41533c74e757d62db485b5053f8a2314,toys,94.9
41a207671f292d00ffea01b171f2a30b,watches_gifts,39.0
41a207671f292d00ffea01b171f2a30b,watches_gifts,45.0
41b7994f6fdd38dc855f6f6a5c61b459,baby,129.9
41d0050b0a103c674289659fdd6f602e,baby,64.9
41d0050b0a103c674289659fdd6f602e,housewares,39.9
41d0050b0a103c674289659fdd6f602e,baby,36.9
420ab5f8b0999c674c7438c38ecdda17,bed_bath_table,109.9
430d9c263b0c59e3ce1ad49cb55e0531,stationery,69.9
430e7ae18173c5c5d351c37676f6d09a,bed_bath_table,129.9
4351879fb74d0a37b9c8dad7ba7e59de,audio,119.9
447e81187647a12bf1a254923877d0ed,bed_bath_table,34.9
44a10a741d51010c1440fc7337b5ff6e,sports_leisure,69.9
44d1b486970419d4e0ed66e154ece21f,consoles_games,689.89
44d9570957b8244670f565604344b98e,housewares,122.0
456be31c2b2f9d2c2af2e828084a8511,home_appliances,34.72
47106caf7707ccc0552581877874349f,cool_stuff,24.5
4723727d090decf1ca86404dfe72d373,stationery,59.9
4726bb2be36557009e1f231af49916e0,furniture_decor,16.9
48c159ee1d25916d79ad14e2160a0d31,bed_bath_table,79.9
48d30a78681848a5caa890b0acc9ad72,toys,45.99
48d4561752bbf4833c3cabba8d5a7c93,bed_bath_table,81.5
4941da6e1a4eef723674c7148152c4f6,bed_bath_table,159.9
4941da6e1a4eef723674c7148152c4f6,housewares,39.9
4974bc485d07cad8b6e5000a345bcd50,electronics,19.9
4992f0162a4e7f36cf293bdc49e42f5e,drinks,47.49
4a335c9b6c47353962fc6f0b1911eb03,housewares,167.99
4a5dd77c42df1a4cf21c142eaacf866f,housewares,199.9
4a5ffb8eac522b1d4e4223394967f25e,bed_bath_table,69.9
4aa5e89a54afc5cbb187bc2bccfdfe33,health_beauty,105.9
4b81496f1e0fd587a7394ba1e1b8aebb,furniture_decor,7.8
4b9359b6bad98027f7a428063413d090,bed_bath_table,62.7
4c775eb488939cb0be0ca90004e2f37a,consoles_games,239.9
4c8eac76de32572cebc64aca0f263e2a,toys,109.99
4cc5e60f36ca3bdbb07ab8a3c490e15d,furniture_decor,59.9
4d0bd88af1748e0658ddfad3100b2958,costruction_tools_tools,219.0
4d0bd88af1748e0658ddfad3100b2958,costruction_tools_tools,219.0
4d483bf690ca21bdc005df9b623673c7,health_beauty,414.0
4d9ec9c5440b083e87ee872dec1b32fb,bed_bath_table,99.9
4da457afd715a9eade1b7b5a2fcc2d9c,computers_accessories,99.99
4dee0af7a42637f58cde016b73d93216,sports_leisure,219.9
4e5eb92b77d7214fc3587113fd8374d7,fashion_bags_accessories,34.3
4e9d991478ce9d386648f6dd85475b6c,watches_gifts,45.0
4ee98e5c36cdadbb40216412e0364478,food,89.9
4f73244a226bb31dd99853458f70c537,pet_shop,162.0
4fabd930204fbf8fd7e7f510a4bc6a2f,computers_accessories,14.99
4fdddb85c674036842fa2c86494e8890,health_beauty,81.9
4fe68e1b224989d596e61f2fcf892012,construction_tools_construction,16.5
4feb155d6d4d8b2ba3191d90655f3b99,telephony,24.99
50a27906921dc9ef4b7afa6cdb04649b,pet_shop,49.9
51bfdb83aacf1064814782f7109c6365,diapers_and_hygiene,37.0
51d967125c0a12392dfdd135be86ab3a,sports_leisure,181.0
5225e054c102b5a1d35f4741e8d6c718,telephony,24.99
522a5e4ad2f2d51be25ae597da2b8197,computers_accessories,74.9
522a5e4ad2f2d51be25ae597da2b8197,computers_accessories,67.9
527b28dd1cc06cd5f5d361c544909a40,stationery,149.0
5330599ad58e0e0355fcb5c997d3f8f2,housewares,85.0
539087d16a54354cfd81aabbedbd7f63,sports_leisure,109.95
53f4ca548f6dc3456de1628fa16854f0,furniture_decor,16.9
54d6f9d8f56229d3da815add65ec2408,office_furniture,116.99
54d6f9d8f56229d3da815add65ec2408,office_furniture,116.99
550e1d4daa21983f7bac6b2f83c40365,furniture_decor,29.9
5559edd02dabfec0a6ee808960297d1b,housewares,83.3
56ee0507f806ad1a079e2905d5beff09,auto,79.0
574c4ecf7699daffc21fc04eb876b8a8,health_beauty,59.99
57bea8e109ecb1711cda36ced17c1b1e,housewares,94.0
57cbc8e34a5ceffb92f8b3193e4ffdb8,health_beauty,89.9
57faaa762a71e0603439c7a742527524,sports_leisure,181.0
58527ee4726911bee84a0f42cdd797c1,sports_leisure,129.9
588d8a3645cd2c4d3b9773d212a185e5,watches_gifts,1199.9
5896d753079d9faa8aeaf60231b3e788,bed_bath_table,17.9
58a4317c14bcba43d0cf161f17e9db2b,sports_leisure,113.0
58dad265abd075b5830c3e3824956231,bed_bath_table,53.0
58f06cdcc39850d51ec8677cdff108be,cool_stuff,219.99
5a213cd2c31b85edd98ae1ab50c50aee,construction_tools_lights,399.99
5a8f325f70adcaee7b80d649a1f28876,housewares,36.9
5aad92458ca3d4d408c99f424de3cd73,garden_tools,53.9
5af1697f659a5873ed7f793544b2b98d,watches_gifts,137.0
5b666d7076734a6485176d2f3255804d,furniture_decor,129.8
5bdb3afa1eb436b9c3de3957a486980f,construction_tools_lights,46.0
5be6e9f87bc75b1fc82974ba71ba94f0,sports_leisure,49.9
5bf626cfef41ba2207e9c4ac9b380a64,housewares,22.0
5bf8d66f260e15878a0e458ba4f33158,watches_gifts,53.7
5c1bcdc479bd3259cecfa184ee78b9ce,toys,19.9
5c35bf8376a214c893fc0bb5345cae94,furniture_decor,34.9
5c7d0a72d5ce2ffc03f4a86238abcd9d,computers_accessories,240.35
5d9fde36e9b14f9c646577bb073b1486,health_beauty,46.33
5d9fde36e9b14f9c646577bb073b1486,health_beauty,46.33
5e823b29f4c615d58cdbfec5bdb2ee73,baby,164.33
5f24b613363e4af7466a250aa815a170,bed_bath_table,263.9
5f2afe447ecc492da57db318b381a3ab,perfumery,329.5
5f7363eba95d6b80c0b0d44e53193e0b,furniture_decor,35.0
5fb669725665771911c8ecc187870553,furniture_decor,179.9
605dd1e8229892fbac9c08a82693f888,fashion_bags_accessories,49.99
60751e744ac01225d93eb8bd65592ff0,cool_stuff,199.0
60787bfeaae0862411713fa2071d87db,furniture_decor,39.0
60787bfeaae0862411713fa2071d87db,furniture_decor,39.0
60787bfeaae0862411713fa2071d87db,furniture_decor,39.0
60b3db6cf502ca52a4a43946008b1600,stationery,39.15
6108ae9acd8ee0ffd527598b9ebc6acc,telephony,13.98
61ad7ff8f7855f070f278ff8412622a8,garden_tools,49.9
61ad7ff8f7855f070f278ff8412622a8,garden_tools,49.9
61b99e917a3da2c77c1a3ef38cdf38de,sports_leisure,46.9
6233c53ce8bfd732fc643c0443741c5b,electronics,18.9
624ffe16156e4aac5b9ec7ac27ed23c6,costruction_tools_garden,369.9
6289ee54f79f145b31d94596c21ff419,bed_bath_table,15.9
6289ee54f79f145b31d94596c21ff419,bed_bath_table,15.9
62a647a2e24ac06f7d127baa26d29e96,housewares,69.9
62bc181a6d897eba7057bb531ea5f094,health_beauty,89.99
62d9ca533d6de05e39164160d128e37c,computers_accessories,89.9
62ec63f37c8ed14ce3dba43a02721f5e,computers_accessories,84.89
62ffdc08aacc0d5763a38e07039234d8,market_place,149.99
632532c6ace2a1281a27e66bd5f4278f,sports_leisure,93.6
632ec9368030a0679acafa0d23b7be2c,bed_bath_table,109.9
638fa07954d987db6c7cc971c365eca5,housewares,79.0
63e2032f511dd7a0ac625d8bda0a07c9,stationery,69.0
641b3f1c458e28bcc1ac2e6e5e526489,telephony,21.99
64439b9234594e291aa9a30c226f257e,sports_leisure,466.0
64a62eaae697d2b5002204677fb331cf,watches_gifts,29.0
64be1ceac437f2eed73e5b001d190e97,toys,17.99
64cbe98d3ef9d927297f7dea3fab17d6,home_confort,237.99
64f2e9aa85911b6a48e3d11ef05b73c7,housewares,1150.0
6561717586fb2d3ae85fce2964f600e1,baby,48.9
6563b375a3fad2d240225b16ee246f68,auto,99.99
65a05062e11f3e5121cd0e0723bf765d,home_construction,113.85
65f4f976c2281eb3c5f69547ca21893d,bed_bath_table,38.5
66aef8b9776b9fbfb4ccebc6f3d984bb,sports_leisure,49.9
66fbfbe9598df1bb7b5950b19e839697,furniture_living_room,295.8
671f3f58a12caea363c9e40989c7d154,computers_accessories,98.44
677cebcf344bca22b07250e7548bd8bc,housewares,12.02
681f6998a6bb650120b24343fb7aab6a,sports_leisure,29.9
685f8172db0440c031fefe2081cbef7f,watches_gifts,104.9
68656d23f76667ee6ebe117db63ea015,furniture_decor,38.5
68c266b203d2b5b9e4f724d2b0bf532f,electronics,24.12
6916bfc2979a20759a964f5addee58d3,office_furniture,139.99
693f8bb47e6135ecad76616fa2596a05,electronics,169.99
69923a4e07ce446644394df37a710286,baby,35.39
69d838677089d135b38310ff74779901,computers_accessories,139.0
69f5eed47613a9d3cd0ae94d398cdd4e,computers_accessories,39.95
69f645b07a409fb02369b4f665295d7f,baby,109.9
6a32c701681d4c31dac221f9a2848c80,housewares,85.0
6aaac69ff588fc4e1f1ffddbc682e406,electronics,13.65
6b2f7dba402cf63ca207bbe2cc05ef67,baby,39.99
6b3b0b39d2a619fa308f4606d780af2c,bed_bath_table,199.9
6b87336da12a7508327bfe1c03855707,health_beauty,58.9
6b99ff92735c747557e84a5f5cd7a560,bed_bath_table,249.0
6bcee650c0948a4d061fbac64d157ba5,health_beauty,95.0
6d70b44b2d0742e51c0434faba7c9afe,health_beauty,31.5
6d82fb84caeb4867e10314d00ee91ca1,bed_bath_table,86.9
6d9f6e79f1664d6ff8e74dd03f8a5b43,cool_stuff,229.99
6dc8b8f970d5256ebe88e075c1428321,health_beauty,122.99
6df2cfb6624c3e0b13775087f1cda182,bed_bath_table,69.2
6ea34077e85038c0ecea08593783a1fd,health_beauty,160.0
6f11c30244bc873b633797dd9ea4fced,perfumery,189.9
6f41a6473f4122e2cdc762a8988a67f0,perfumery,149.9
7019575db90695209de9c7d983557bac,home_appliances,32.9
70263f30f6180c7ca277e4dc6c4c19c8,garden_tools,90.0
70807adf40446c39c3504cd513bcf3aa,agro_industry_and_commerce,92.9
70dc122cb381c36bb405197904788449,garden_tools,89.0
711246846695fa895c1776f0ddc30b20,furniture_decor,59.55
7147bfba27147cf06600e5a1577d3a4b,housewares,109.0
715b8576b74d53796bcbb107a201eb55,construction_tools_lights,228.0
71822a8b6993991560c8feb50026203b,sports_leisure,109.9
71affeaa67493ff0db555224e59b1bbb,cool_stuff,215.0
73fef4e3ee8931c3e71fd76d01433bf3,sports_leisure,154.9
742b2b7009e5c7c5aefce3e328c4866a,housewares,72.69
74337d4b8aec7d9b18c016cff22129fe,home_appliances_2,473.0
745eef172f0256cfaf464e7723693fe0,bed_bath_table,38.9
7514404922bc617c41f9b47f003a3350,perfumery,172.5
75b60fe8ae4a01ed4c3152a11651218c,stationery,12.99
75b60fe8ae4a01ed4c3152a11651218c,stationery,12.99
75d5d3d16567a27eefc5752aeb063072,furniture_decor,13.9
75d5d3d16567a27eefc5752aeb063072,furniture_decor,13.9
75f7b50b5222f09346ec8672c17121a3,garden_tools,89.99
76b1bcac04cffba74b00e4be75f58f9f,furniture_decor,49.9
76b1bcac04cffba74b00e4be75f58f9f,furniture_decor,49.9
76cde6c8b0bcf5f39e166b9f645366b6,perfumery,56.99
7791eb26e081ed5f8dd15b40c45393a3,home_appliances,26.0
77aecc9798d57db2f5a83579783cdec7,books_general_interest,55.5
77aecc9798d57db2f5a83579783cdec7,baby,39.9
788e7378d74502a8c60a80b6c66552b9,cool_stuff,120.0
78d7b4c84d9192af69d5b8abcd83176e,housewares,21.6
79ba63b5e2113df41f0097eb9e9d143a,sports_leisure,98.0
7a9436be8022293777e4f2619c171b17,health_beauty,56.89
7af7e9221757663bb19abb52d6acebf9,sports_leisure,209.0
7af7e9221757663bb19abb52d6acebf9,sports_leisure,209.0
7b20d43785c16252f51ca77bceaa5ea0,perfumery,360.0
7b5f89bc09d40a73b09b4724e2680fa2,sports_leisure,24.9
7b8d0a893743d55557532e35a0b73a31,cool_stuff,139.4
7bfde9729732d1f662f51978148b3bb6,health_beauty,47.61
7c0010171d4d583d7f4d87894d7b6973,bed_bath_table,99.9
7c25f223ac9fa74c9dbfa11e8a52f1e5,sports_leisure,73.0
7c971e779cf367c04e3621cc1b81e352,baby,39.99
7d960d3f481b040257655876b44e79bc,unknown,449.99
7de03e8d15c7de252f740627b5f666a0,home_appliances,19.9
7e725a02a94edf1bb07180293cbb29d9,baby,29.9
7e9e110e4c60c9d33dabbc33133db636,sports_leisure,125.0
7eb6bfea5daf19a607f08fd25ea7672a,musical_instruments,1997.0
807303007d46225288462ecc115905fe,health_beauty,54.99
80eb061ace1abe7c2ba1828e00492f23,auto,108.9
81284ce76107a0034192e8eda2129993,bed_bath_table,29.99
81284ce76107a0034192e8eda2129993,bed_bath_table,29.99
82ae4ace0b3ec2734319bd238e822c68,bed_bath_table,115.0
82fd1196a459f594fb1d66e667fc74c4,bed_bath_table,45.99
8345e1e2a321e4b374a65fe12d8b30d3,housewares,44.9
83ac7baaa477085adfafa311103efaf5,consoles_games,99.0
83c0700d6e42c5b6cd1fbf3e593ea4ca,pet_shop,143.99
83fa07d1dc69104a4cb1468ce3fbdc49,tablets_printing_image,99.0
844bfdffbe80e8ac61135bc633f2dce1,sports_leisure,23.4
844bfdffbe80e8ac61135bc633f2dce1,sports_leisure,37.49
8486f414a491ce27cbb5e501739d2d04,baby,27.9
854fc42da7246b10ed8dcec4ae8f48ca,bed_bath_table,77.99
857c7d158a6669fae8d2aa86c645f021,food_drink,65.0
85a5c526407a1b180dd5bccc622be107,garden_tools,298.0
861c9fbad462917e9c57742085a3e2dc,furniture_decor,45.9
86a159c4f6b1da57e4f8d286a16e9c9f,housewares,69.9
86c81a5199aa303d0b44657a790f73bd,toys,34.99
871ea4c791e2d977d094700806eef385,bed_bath_table,129.99
875465832a4acaeac638683b74ba9886,toys,64.9
87980ebda651df2ddec79138c0366d96,sports_leisure,104.9
87980ebda651df2ddec79138c0366d96,sports_leisure,116.55
879a6ffe6389453946ddcaf7bde51975,furniture_decor,78.0
879d57dc015759bf30e71a20b5ae0652,watches_gifts,158.0
87cb6bc6178f0a340e40123b7b042243,telephony,42.0
87ce1ba607d9e1d2a6bf775acaf33e98,auto,526.0
88d83c164444378e37e1805e00984342,pet_shop,16.9
88d83c164444378e37e1805e00984342,pet_shop,16.9
8a2629274a548e155cba08215435391a,sports_leisure,78.9
8a2629274a548e155cba08215435391a,sports_leisure,78.9
8a2629274a548e155cba08215435391a,sports_leisure,78.9
8a49984afb76dae66f3810e1b7093ec4,furniture_decor,89.18
8b5883ec44f905583a827ff06b986a6f,garden_tools,381.99
8b79235214c377ff89c61ab4667f404f,watches_gifts,170.0
8bbbef97d763f4dcf2e12cc5b5e0cee6,luggage_accessories,106.9
8c2c2b26ae4677e7457b0daaea13a8d3,food_drink,44.7
8c2c2b26ae4677e7457b0daaea13a8d3,food_drink,44.7
8c7743df5e89b7178ace0e9b7afe5208,health_beauty,95.0
8cf92fdbb4f10ea12f1dc018a35aa8c0,baby,48.9
8d0584fef2164e00c8eb23abbdd87ef7,health_beauty,69.9
8d37e7a787d783b75379ef856107b40a,perfumery,149.0
8e350e1e4254bd7c68913b98bde7d3a7,home_confort,89.9
8e350e1e4254bd7c68913b98bde7d3a7,bed_bath_table,89.9
8e6e7d37d25c7e66e66f8be5a34da04d,sports_leisure,139.0
8eddde296db4009f424c7a91011b7be0,furniture_decor,45.9
8eddde296db4009f424c7a91011b7be0,furniture_decor,50.9
8ef17147aad160f7780239dcf0acb400,bed_bath_table,40.0
8ef17147aad160f7780239dcf0acb400,bed_bath_table,40.0
8f2da1ebf763886822d2ee38c2986cbf,furniture_decor,59.9
8f491cf3fabf128822544c78d73acfc3,garden_tools,59.9
8f696262d8132fbdbce8c529808084dc,bed_bath_table,92.9
8f702c6eea5985c8768010eebd2a6891,telephony,29.99
906e820b85dd6c8ef9a4aa5581aa277b,fashion_bags_accessories,49.9
90b3ad8bf9574cb0d847fca8a31bdb75,computers_accessories,84.89
91021949691f50cf0608e62a2b5efb31,health_beauty,53.79
91894a6bee2407fdec8f29441d75541e,books_general_interest,29.9
91c52e15672343c61768b4d10597eea8,furniture_decor,69.9
91cad3260fc3d7cb677fe27010618ab1,auto,39.9
91ce7ca124af689166db5eeed6f67a58,computers_accessories,34.95
91fcdc0357e6c76803fb5d654a0226a0,bed_bath_table,205.0
931fdd63ba701dba6def14b3655e0a32,perfumery,84.99
933824572e25f2482e2b59e73b1c9858,health_beauty,89.6
94781b7e571ded2ff6f80434f6fe2a43,computers,1599.99
94cb2dc75a318daa6b70375697c4d3ed,perfumery,119.9
94e8d839953377c0025c4596afec9cc8,bed_bath_table,56.99
95287dc5df93f25b90309d5acddbe02e,unknown,34.3
95cf9f239f724799131f7ca949209bd9,health_beauty,89.49
97104e6fa1fbbf9bf29587310476ccaf,sports_leisure,68.0
9760a853206ee0cabbd18c7449b4edb2,auto,59.9
9760a853206ee0cabbd18c7449b4edb2,auto,51.9
978e16a447af958864561d170165f266,auto,24.79
97c0b85c5bae37b717f76b868014a84c,baby,299.99
987cfe3348684fc007a1e9a4825eadb4,bed_bath_table,54.9
987cfe3348684fc007a1e9a4825eadb4,bed_bath_table,54.9
98877a509c8d712beb65e2713e61832b,cool_stuff,69.9
98877a509c8d712beb65e2713e61832b,cool_stuff,69.9
992b568281203a63ab8a57e90b304eec,garden_tools,34.9
9938a967279700714d16f4c8437390da,furniture_decor,28.9
9938a967279700714d16f4c8437390da,furniture_decor,28.9
9941c14602ccbe66611b6a4b8fe01d99,computers_accessories,68.0
9941c14602ccbe66611b6a4b8fe01d99,computers_accessories,68.0
99687fd750781ecf475d632c33a533ee,art,110.99
99687fd750781ecf475d632c33a533ee,art,110.99
9990874dbb760114a8bcadec87b20b2d,bed_bath_table,279.9
9a2e91dda30c4f2497618f2d8c181437,health_beauty,23.99
9b09902ff42cd359909e5203a008a921,garden_tools,23.9
9b284ead0b827957b9e9ee5f48128bd5,pet_shop,42.99
9b53b66ca7d27b4c0ccf5ba89af00bd0,garden_tools,99.9
9b948dcaaa76c166e78628262127e680,garden_tools,189.9
9ba2e8784e3e43f617fd0faa356d309d,bed_bath_table,24.9
9bd1b16f0da3ab4e8407a76b1d97be22,cool_stuff,74.9
9be2a464f1c3c6a07d0744db8972a9cc,books_general_interest,24.5
9c5bfba7de6a4abbb6ba0baab78d1622,bed_bath_table,205.0
9c9353e8fd52f68f8442e580b5f2bba6,toys,129.0
9d12e7d13379e3e2a600bfccb801604b,toys,329.9
9d70ddf4f9027ee7e5f0851c480d3fbe,toys,19.9
9d70ddf4f9027ee7e5f0851c480d3fbe,toys,19.9
9dbaf3879dfddfc43171aaf9a9c0a82a,baby,50.0
9dc9cfe8dd61f0e37b0baa3043517059,home_appliances,26.0
9e1b7a7d17aa42da16ee605b5fee2e0a,consoles_games,223.9
9e389bac73e66c3aee51848446646402,computers_accessories,79.9
9e5ce745945c1ffe01121296711a5663,health_beauty,232.32
9ef921f5c09cf02012029e4660e4ddce,bed_bath_table,129.99
9f076b87261e6c9894139da7d41eb02d,garden_tools,37.99
9f076b87261e6c9894139da7d41eb02d,garden_tools,37.99
9f076b87261e6c9894139da7d41eb02d,garden_tools,37.99
9f076b87261e6c9894139da7d41eb02d,garden_tools,37.99
9f2c1798fe24e69bf3317bc7b319c96c,auto,59.21
9f3c15fb0dfc4d3f2d9f5e8e9323a9e5,perfumery,79.99
9f5173eb1a39549202e4ea7f568addb6,toys,69.99
9fbb5a7911ef83cac2881f1bbdaf7812,sports_leisure,219.0
a005841d24a8532b663e347f1237ba30,sports_leisure,129.0
a0ac0049119c70e88509f0c8e30564e8,baby,29.99
a1b57552891d32e63b959ed210edad44,computers_accessories,139.99
a1e6c98ad1716db91efc64d1bd0271bf,health_beauty,81.9
a22775141b5e773fb0dec808e36bf9f4,housewares,18.8
a241bea87dcdd0160ca94ebdba5bdbb9,perfumery,279.9
a24330f9f979dd041f57f4c8f937c9ad,pet_shop,29.9
a247dd396d56ff49f7b4f4b8f9139f5c,baby,135.0
a294b359ceeb6b570206ae9a4e266230,telephony,13.98
a30cba7093267abeb0f8489d5c16c7af,sports_leisure,24.9
a30cba7093267abeb0f8489d5c16c7af,sports_leisure,24.9
a30cba7093267abeb0f8489d5c16c7af,sports_leisure,24.9
a336de4bbd836a89f9cb2a5b58ed2578,furniture_decor,210.0
a3b5d696f2dc3df83942f644beb879da,furniture_decor,69.9
a4cadd13645cb16e2e4252ee2e39dd80,baby,59.9
a50a23ee8e09f54388b66da19c633bc4,computers_accessories,110.0
a512132380fbd3ae24feca8ee9512efa,garden_tools,59.9
a512132380fbd3ae24feca8ee9512efa,garden_tools,59.9
a546163c0115aaba54fda7298ac1d55b,consoles_games,69.98
a5ce51395d295fe2c816182f79c81866,perfumery,172.5
a5f8439f1e560659a492608e370ecde2,la_cuisine,193.0
a604a2a16f8f4829f66b913199557243,telephony,39.99
a61122f2a4bb6c7479310694e0657167,furniture_decor,12.99
a6288d192f3399f630e89e96f1079cf2,sports_leisure,570.9
a62e5e820da4b79811ca945d941fff8b,watches_gifts,269.0
a6e164bcfe0ced3f1ce18e4c42202820,sports_leisure,72.9
a730530dd5bf5940d9b50ffac9d297dd,computers_accessories,119.0
a79c4dca347540e1263b2b750b92d8ab,pet_shop,135.9
a7a0c8ebf2557ea4b30103fbff81e64d,watches_gifts,249.0
a7a43f469c0d7bdb0a23a82db125aefa,unknown,39.0
a7d69ce9d8cad8e7d9b48cbdfe236bff,health_beauty,12.0
a85429530fd3281381e34d128b357d91,toys,31.8
a85429530fd3281381e34d128b357d91,toys,139.99
a8bac9fbf4f824af91ea3ec34f454ae2,furniture_decor,175.8
a8cf68ff08fc00910fdb589e444e23b4,health_beauty,64.99
a94b962669c74fd01d87a94aefd3eeff,garden_tools,59.0
a9903e12b56d3ec4c2de257bfe2cdc80,housewares,80.07
aa942d6c13162cf699a9ed59746af588,health_beauty,129.9
aaab824b480222c061bba0fa4886308e,furniture_decor,59.9
aae4a80d679f211688ed391ae747100f,watches_gifts,128.99
ab010289ce552581dd007c7276d4e276,auto,28.0
ab3ef8ca43844d05e39ad47fc0bba7af,bed_bath_table,60.0
ab6c2b531e877fad84a31aa845bc9345,computers_accessories,84.89
ab8aefb183a8140b544a1eba6a139101,electronics,23.7
ab9de67666ec95b75b273e2905fc7844,baby,29.9
aba2813708fd104d3fa9f14fde9cd30f,stationery,49.0
abc7580b562d8de4d5471356c6c25aef,telephony,10.99
ac416b71ffbc5fbfe4b5cea8a05b0d4d,watches_gifts,120.0
ac6883abec7c5543bb89d05903f1cf5d,telephony,49.0
acbaf2e843c77c9749c79030163c8b81,fashion_bags_accessories,13.3
ae11d192084ba3db24965f271590124d,electronics,249.0
ae1b14b57f98fbf9a364b91093c93e40,housewares,29.9
ae7c4721024efe600df6ac3fa7e52c58,auto,241.1
aea98a9d19779475e8dd3302d7eb5ff3,consoles_games,53.04
aeb70ca14a984230b34a6cbf48fe6d8a,housewares,46.99
aeb70ca14a984230b34a6cbf48fe6d8a,sports_leisure,93.99
aefdcf39aab5b3cadf59cdf0eafcbcb2,bed_bath_table,79.9
af74613502131dd6a43380df619a57ab,sports_leisure,69.9
afca5fe0f14b7178c97f8cb22611f584,stationery,59.9
afd71840756746edd2c71bd69b2e904e,bed_bath_table,27.4
aff32ddeb1d4fcd7baa9d10d9b5941eb,small_appliances,59.85
b031da90f1946edd12ee2587d53c667d,toys,179.99
b07078baf6a1bbbc998cdfa28e7f8230,stationery,45.9
b0ff8ff92f8d916fa2e8005cd8e1a135,housewares,59.9
b11a2fc0664cad475e2700523625a1e6,sports_leisure,54.99
b1746c7d13f52567b4cd6710249240c9,fashion_bags_accessories,49.0
b209d9ebeffc9e2d9792355b594c5b25,watches_gifts,55.0
b22331e9a36bc5d09bc4d29486765554,health_beauty,79.99
b239d7a386db8ffed15c72578e9d3cac,bed_bath_table,96.0
b28f0b71b3719fdab137d7263d469001,toys,299.99
b325a4afad33f2c09ba50df161457bdc,stationery,129.9
b3bb81a4fe1e47c62f92706ebdbf4e4b,toys,22.99
b3ea28aa962313ddcc7046e69e5ea094,telephony,29.99
b3edcb85453179d7aff0cc5180ef4880,furniture_decor,159.9
b3fb87dd5ffb58351fd40c4f9fe03cdf,auto,108.9
b461e43868116fb81d1d91959ae5ea65,bed_bath_table,68.5
b48681f5e795989ee7e78953269720e2,health_beauty,23.99
b4a740a590b5576fb4a95cba71d80c5d,cool_stuff,79.99
b4e154c611973630ea64ad7f8daa133b,watches_gifts,29.99
b51231f33893d9819e080213165c1c6d,watches_gifts,34.9
b51231f33893d9819e080213165c1c6d,watches_gifts,34.9
b5a801d2465c927e096449f176459916,housewares,15.94
b5d08e6b71d4af8f816daf169014c908,toys,101.99
b66f62c3c5b15126deea5d6bb1d75889,health_beauty,37.0
b69d93eb408ba1dbb0f56f69817a6ac4,health_beauty,89.99
b798fc527c548bfa5f069b5b29195275,bed_bath_table,99.9
b798fc527c548bfa5f069b5b29195275,bed_bath_table,89.9
b7aa6fd1a55a501926e5f7253617ac90,bed_bath_table,279.9
b80e879030f825a648abffe9d993ff6a,bed_bath_table,199.0
b8363d01d95d576ce95a9283c6e12edc,sports_leisure,98.0
b846fa269a96d935cbd973f6ba217a6a,furniture_decor,199.9
b8b3f1a93f6899699c4cfab3f0cb85e0,sports_leisure,89.99
b8eaf5e9d1583c47190523695464e441,health_beauty,35.9
b9d7ab4768e51e8cef0b77f21a40b444,health_beauty,129.9
ba2effd965d1fc79dbcaa17d401b3c99,housewares,259.0
ba568688e2f462d7c44a3fdc62e6456f,furniture_decor,12.99
ba9db9fb21617fd062fee898664e4996,watches_gifts,110.0
bb009fab515024781676004c4924f54d,bed_bath_table,44.9
bb5ed7e3c00498a15ceff9bbca9ba556,bed_bath_table,35.9
bb7c6d87a72c89ffafb1bef12c4e23d4,kitchen_dining_laundry_garden_furniture,48.0
bb7c6d87a72c89ffafb1bef12c4e23d4,kitchen_dining_laundry_garden_furniture,48.0
bb94354031a1df0364e66b09e197bb78,bed_bath_table,279.9
bb9bdfcd9397da3c8481ef70b92df0c0,toys,75.0
bc36a6d118d0b05ade471f42c007f030,bed_bath_table,65.9
bcf4f139b50c6689378fac7fe255a186,health_beauty,19.99
bd1e1a304d04fa76626646f8efa12f77,baby,47.9
bdb2bc3c571eb25e242b01f591816c7b,health_beauty,23.99
bdb36280069ae2b266d0213e7ce5261b,home_appliances,16.9
bdd163683d4bc75b0b2b7a8d9e1ccd26,fashion_bags_accessories,34.9
bde4e7e3544abf70e995f2cb0f5fc992,furniture_living_room,329.9
bfcf79aaae774aa4030a0d2e2046c525,toys,31.99
c05b9a60de6b80604843d2f4d40c8a67,sports_leisure,44.9
c09bf2814fb67faaa01616fa08f0d482,perfumery,79.9
c1298dde22013d58424f39ec4397f54d,bed_bath_table,89.9
c164550f33679da3d32b3ce6078cffda,housewares,155.0
c1686c44f72ecd55b0d2d8ed6fcf8993,market_place,29.9
c19e5e606043fc8b33023f0b377e2e55,bed_bath_table,62.7
c1e0ca05590ed1c16d7aaa4c96fdced6,books_general_interest,20.0
c29a7cc498263621590164d96d2953aa,sports_leisure,69.9
c29a7cc498263621590164d96d2953aa,sports_leisure,59.9
c32cfe30ac8d846c41d6695f9967bd04,bed_bath_table,220.0
c3e5589dacc9d42e41377ef559d9a159,sports_leisure,59.9
c43a1ac896c3a97a259af57ee8234ebb,bed_bath_table,53.0
c44b12ec22f1d6794e86f30078e7f65e,sports_leisure,120.0
c4b2f28161989ed10bc95e7c3a7d1dd4,construction_tools_safety,25.0
c53b15af645d91a057ddba9d0e1f21c7,sports_leisure,19.49
c53b15af645d91a057ddba9d0e1f21c7,sports_leisure,19.49
c5f0b9e8bd23e3d37855d76739573355,housewares,59.9
c618d3f25c239068c153e78f7d9edcf6,auto,110.0
c6283d176592e1e1c4d1302abd4e473e,health_beauty,119.9
c65ca254bd0c624c11dd60d92955c989,toys,119.99
c68d536a69b345791fac24a064e2648f,home_confort,89.9
c68d536a69b345791fac24a064e2648f,home_confort,89.9
c69100676baa7e0edfa0e2ce74d034b7,construction_tools_construction,43.62
c6bbde0cc0abfd5ffa9ab6da2d7391d5,cool_stuff,89.9
c73df63b37b6a1c554ac695d6cf40f72,housewares,79.0
c7e061193b749f7a762209326b964dc4,garden_tools,89.99
c820d5fbb72e2b0a48074c0f7f08a295,furniture_living_room,329.9
c92ad65cfc1951e1be667976a90d49ea,bed_bath_table,109.9
c9aca7a39b1655e0d52070203567e664,fashion_bags_accessories,49.9
ca263afd88a8a1200605adbd4b63cd7d,bed_bath_table,45.99
ca3b7514c4c2ab7ba612094bee631db4,auto,143.8
ca4eb4e29e846ee17d6d1b96b28acabc,housewares,35.9
ca5d34455321c329173e1c6c3fcff7f9,computers_accessories,12.88
caef38892cf9eefb7fa25d54e803ba20,sports_leisure,99.9
cb589c751e6f002a96214f3a5c9284d4,furniture_decor,62.9
cb589c751e6f002a96214f3a5c9284d4,furniture_decor,62.9
cb6e8d89049744886ad04520d5e0b2f6,watches_gifts,228.0
cbc956fc2a27bbc8dc18bd3a27ce7127,cool_stuff,144.99
cc2a815c27056f7c5770b6a14d422863,furniture_decor,39.0
cc40ce12255e937ab19d9124f4d0d56b,auto,79.0
cc40ce12255e937ab19d9124f4d0d56b,auto,79.0
cc5aa8cda6decdb7d61ad7ac55767ec3,sports_leisure,119.5
cc93c76377b9408581cc455bd50de947,computers_accessories,309.9
cc989a89a90abba764e86887625e7e26,furniture_decor,49.0
cc989a89a90abba764e86887625e7e26,furniture_decor,49.0
cd239f71675e9f51850ea7da61cc3e6d,electronics,18.9
cd44314b084629fc21d3a0dca3147f7d,bed_bath_table,422.0
cd81fccdeffb11e33de701e2c53c85c6,garden_tools,53.9
cdddbaf91f8abd761e51c7d5f035695b,cool_stuff,214.99
ce5f998d724ed1ac61c890e33b24a33f,bed_bath_table,99.9
ce5f998d724ed1ac61c890e33b24a33f,bed_bath_table,39.99
cedce2be74a9e660cec99d6f9c6674f3,furniture_decor,45.9
ceff6079b4931d865da8fad5286b30a6,luggage_accessories,248.99
cf1e42750dfb79bff91aebe7606024b8,sports_leisure,93.6
cf73e2cb1f4a9480ed70c154da3d954a,fashion_bags_accessories,50.0
cf8734286de02dbdf9700cdf2bf07976,health_beauty,47.65
cfa24f77a1afcf0827e88b162f7cf0b2,pet_shop,99.9
cfcab3d63fc144cd189d0af6e9213053,perfumery,79.99
d026317579e25a9dc30205ba3dfe5b96,health_beauty,99.9
d03ba703f83e314f2bad7505a1031522,stationery,19.9
d03ba703f83e314f2bad7505a1031522,stationery,19.9
d04aa7a56c20579debaf2cd69ce4dd73,bed_bath_table,109.9
d04aa7a56c20579debaf2cd69ce4dd73,bed_bath_table,109.9
d04e58d009641c790ddf6b7b41790f87,computers_accessories,69.9
d0b378f9d33cbf6b21c01295494a9ef1,furniture_living_room,22.9
d10a096222e79b442a554b53eab60f9f,stationery,89.0
d12bc53f5678ff02dd4b2e82bae44705,furniture_decor,230.0
d1d768d42cf0f3a2effce95ea71e111a,furniture_decor,44.99
d1d768d42cf0f3a2effce95ea71e111a,furniture_decor,44.99
d1f61db27cb2ec79064854fc336bfbe3,bed_bath_table,39.0
d21ea1f0cfac8642b1a98b71ac53e32f,garden_tools,59.9
d2553946a905ea785bc3d4910cb10c4e,garden_tools,179.0
d2927bf34d3adc3b878e226b7af91519,bed_bath_table,21.0
d2927bf34d3adc3b878e226b7af91519,bed_bath_table,160.0
d2927bf34d3adc3b878e226b7af91519,bed_bath_table,21.0
d302035b23b53abf7dadc4b6a0b62547,computers_accessories,149.9
d30c22b84ba5239f2ae0fc078be7611c,furniture_living_room,74.99
d33ed17c28104a5821b0aed3fd7323d0,auto,15.0
d379476af4ac3bc71f0f857e9f2827ef,watches_gifts,120.0
d37f6eeb2d27fc449e65051940060719,fashion_bags_accessories,29.9
d3e38f61c91f2cdbf65e9e2c025f34ea,cool_stuff,99.99
d4b3b00396bf3d72f49b2e06219f385e,garden_tools,59.0
d51cbac21a49941976292ba004bf4165,bed_bath_table,43.8
d51cbac21a49941976292ba004bf4165,bed_bath_table,43.8
d550b5b77639c709f4dac266821e4321,health_beauty,104.0
d550b5b77639c709f4dac266821e4321,health_beauty,104.0
d581955a73c95a699d134ef77bf6b768,computers_accessories,312.9
d5feaf42ebb0105f527be0c6dd622b80,telephony,114.9
d66a9e689fb184277bdd64317e765729,sports_leisure,30.9
d6af9770d6d713b4c3a4cd6267e9d2ea,computers_accessories,89.9
d715a52ed67662a1f4fc1d94e68b2ff0,furniture_decor,49.9
d715a52ed67662a1f4fc1d94e68b2ff0,furniture_decor,49.9
d736797e446b9c7bc072d55b49748180,health_beauty,64.99
d774dda8acab57dc1f473be2a975cdf5,housewares,42.6
d78bf5f7b32db25ce7cd2f808c72512e,furniture_decor,45.9
d7f1fc795c94efd3a00141a5f8a2c9d7,health_beauty,22.9
d8a46fc8e10a38b3756d7e677b3f6ab0,toys,99.99
d930f975d0dd17a50eb1bc53fff79e9b,bed_bath_table,89.9
d931b40ce94a288787de6e568f9a76b3,bed_bath_table,52.9
d93d9db59fc92ea85f60e36901b0d20b,industry_commerce_and_business,207.0
da0361ddfa13e2463678f03b44cd7c7c,health_beauty,49.99
da0686c22c00de36d95422798bdd9cde,health_beauty,30.0
dac46445d06a7c26842b2e8b7bc04be4,construction_tools_construction,59.95
db103a5891ce37dbf3a84d9273f55dbe,furniture_decor,149.97
db6fc36ce2a94f3e7af05707163314d4,housewares,67.7
dcd7bf0e4548b5a99e81cca7a7160042,health_beauty,19.99
dd4ca62b4abb4a5fe11f24d45b63eb79,luggage_accessories,118.9
dd4cb06a82daaa4a3853003208a89799,baby,89.9
de2ae79d51e271f2e078baca93a2fb05,computers_accessories,88.0
de9dfc1fb17ef671b0dfe13a4af413e0,garden_tools,60.0
de9dfc1fb17ef671b0dfe13a4af413e0,garden_tools,60.0
dea01d9c1e4b72c2db85ece62b00d823,health_beauty,57.9
dea7183b5687dd97ce0703f53b0a97a7,home_construction,238.1
dea7183b5687dd97ce0703f53b0a97a7,home_construction,238.1
dea7183b5687dd97ce0703f53b0a97a7,furniture_decor,198.5
df3166e4db1badb2414e9e95790a1771,furniture_decor,12.99
df568f7f29522ff496adab0dcd60a3f6,computers_accessories,75.89
df6c1db4ad957928715a81ce54563895,bed_bath_table,88.9
dfa3653e86520b99a8a2dceed4362a7c,bed_bath_table,22.9
dfa3653e86520b99a8a2dceed4362a7c,bed_bath_table,22.9
dfe9ed7cb28d282f7cb649346e0898c8,furniture_decor,45.0
e03802b5209c43fd6ba9d5fefbd664ca,watches_gifts,195.9
e0857a445e4a7cb184abf371f4d93509,bed_bath_table,74.9
e154274f8d5b5bcef8bb9f51a54b218a,perfumery,69.9
e178bee213ba3b996d728678aea863a4,watches_gifts,47.0
e1e51d84ada825cd2396a682884d7c5c,bed_bath_table,19.9
e1e51d84ada825cd2396a682884d7c5c,bed_bath_table,19.9
e1e51d84ada825cd2396a682884d7c5c,bed_bath_table,19.9
e22de883eaec82ecd47950dffc8e63f4,health_beauty,89.99
e23c047042de8af99ddee111258c121a,sports_leisure,346.9
e2b9859bf979f248fe6fa970d1710b91,bed_bath_table,79.9
e2dc8a03b3380b3a3fa8c7e175e97688,bed_bath_table,69.9
e38f9946fb20db4a597eed7547c59afc,toys,49.9
e3cd2c2657742a1f5c080b9be4dc7be4,telephony,21.99
e418ef83856cd1b69aa83b6992142361,sports_leisure,69.9
e433edc92cb5e3ae5515301b3309e303,computers_accessories,149.9
e433edc92cb5e3ae5515301b3309e303,computers_accessories,149.9
e433edc92cb5e3ae5515301b3309e303,computers_accessories,149.9
e46feda6e61a3f6fbfb0b230faba9640,construction_tools_construction,125.0
e481f51cbdc54678b7cc49136f2d6af7,housewares,29.99
e4e3b896819586eea806108a108aad30,toys,80.0
e528f5fb562c9053119f71d32acb91ba,computers_accessories,59.0
e54493dea108e0cb48f3571e1249d418,sports_leisure,99.9
e55445ddc4194e562e73e0fb3b49f26b,housewares,43.9
e67c98054d83d2b7a9ba6e37eb2ca005,sports_leisure,20.3
e67c98054d83d2b7a9ba6e37eb2ca005,sports_leisure,20.3
e6802927f05b68de2a6b3c2079fcd830,bed_bath_table,124.9
e6c487a027692996435c701644f98080,signaling_and_security,116.0
e72a8568c8622825a95439791f668e85,furniture_decor,63.99
e7bce5a1c5efd269eabdafea3013839b,auto,83.41
e7d9d1c03c10e6edb7aa4a91581cf871,home_appliances,69.9
e832fe7f7808b5f981ee02746681d40e,computers_accessories,105.0
e84484718ecfbc4f6c98105b691b2bd8,cool_stuff,79.0
e84484718ecfbc4f6c98105b691b2bd8,cool_stuff,79.0
e881dae0437e8efde70b242d9a1b5a33,perfumery,46.0
e881dae0437e8efde70b242d9a1b5a33,perfumery,46.0
e88f2d374afb179c85305c2e855f9d04,furniture_decor,45.9
e88f2d374afb179c85305c2e855f9d04,furniture_decor,50.9
e9806eb26422c1a8b79d49a2c74e6f20,sports_leisure,260.0
ea2fc3ee961d93cc0a7b657aad5b30e5,housewares,29.9
ea7138ccf7b03bb9499df4674b1b4027,bed_bath_table,75.5
eb09635680fadffb33358e40b05c9029,sports_leisure,194.0
eb6fa782d366bcf155b957687a9d602b,fashion_bags_accessories,43.8
eb6fb95e3c0248ad7f1e3b668ac3f8b8,health_beauty,325.0
eb909499d5b377c57b0af7ce0b005bb4,health_beauty,12.0
eb93e1cf85b4a7ca753e6b6bca9cb1bf,telephony,27.99
ecfac5c29a3281d0ccd4cd7b53ae7ece,electronics,13.95
ed062e6ea6c0af6dd097266ccca93953,fashion_bags_accessories,48.3
ee8f5d7599c575d8f8eb1a2ea7d66686,computers_accessories,25.0
ef0db33f981ff522a3a3ad0212e9148e,health_beauty,18.99
ef1fc34d1d1ab34f4eb53f2c9b4ed2ab,housewares,49.9
ef22458e7cfa237cd68b3be657f4f0c8,home_appliances,37.19
ef5cbfafea632f181983df020dee5199,perfumery,99.9
ef6ab439f4c596638239ac71cf5fb391,watches_gifts,227.8
f0b2da40b961baf662d31db42b3964e3,toys,179.9
f0dd9af88d8ef5a8e4670fbbedaf19c4,unknown,84.9
f0e74c12ef7d4fd25bec19ecddee5438,health_beauty,199.65
f1450c491bd196d4089076234a1b5cae,garden_tools,99.9
f1a325f15bbf16509adf17167330a905,toys,329.9
f1b64d15b1fe4c26aeffdaa46fa1004b,auto,28.0
f1d6d7277ac0980ac1b522e9502d87c9,bed_bath_table,59.9
f1e56e6888d31427f56814ae6077aa45,health_beauty,100.0
f1eb378be592a06b8c3c6006b7d7102e,fashion_bags_accessories,49.9
f20ad794a21ea34c982e74ec18f7aaec,sports_leisure,59.99
f244841f5a461472de8de82f023b1371,bed_bath_table,94.9
f25f0fc51351ac9fc1dac7f8fbe59470,health_beauty,35.0
f2710c3e65b68cfc927a8aac6ecebe83,bed_bath_table,78.9
f2710c3e65b68cfc927a8aac6ecebe83,bed_bath_table,68.9
f2710c3e65b68cfc927a8aac6ecebe83,bed_bath_table,72.9
f2f994648283ef31bf69ae8b9109921c,furniture_decor,32.99
f2f994648283ef31bf69ae8b9109921c,furniture_decor,32.99
f31dd475a9e762d3b7b023b77d03a8e1,health_beauty,89.99
f3c7f31502a61f206c30c674a4ada401,perfumery,69.9
f3c7f31502a61f206c30c674a4ada401,perfumery,69.9
f3c7f31502a61f206c30c674a4ada401,perfumery,69.9
f3d2d81bbba5674341cadf212e3ba72a,books_general_interest,44.9
f3ee55bf50ef2f2318599425ef80107d,home_appliances,37.19
f45306d2f1da638e61e75e83d5c7214a,books_imported,18.99
f47f765aa8145f17ab00798fa7db8c41,fashion_bags_accessories,39.9
f47f765aa8145f17ab00798fa7db8c41,fashion_bags_accessories,69.9
f483c3a05f63d1b1c82df2e3a91e5d86,electronics,204.9
f49196a3b79948c69b3cf03a6ce9646c,health_beauty,64.99
f49fba97be6948603366581e885e2a43,sports_leisure,35.0
f4f27728bc1b0f7edcf725ffdcdf7ce4,cool_stuff,139.4
f5508c24aa4418c7069ad5a43b06bdee,electronics,12.25
f56fc50c76285f17b655e6bd5a210799,bed_bath_table,45.95
f5a1d7fb9cd502618f942b1295676f1b,furniture_decor,69.9
f5a511e584053180df75a3a2138e9ae3,watches_gifts,170.0
f6d1db3d720b07546464da938c033c6d,toys,23.9
f71d58fa033d5d4e4425df56015ad62d,bed_bath_table,77.99
f7364d7a775833b673741fad4d394512,furniture_living_room,139.9
f7f84dc96924f895eeee8f89515012c3,housewares,9.9
f86e20fe6ce750c00d7ed08e8c67384f,bed_bath_table,13.9
f907eb5eddb04b68f52bbba38b075e8d,perfumery,369.9
f938fa004452c776198a593e5fb9056d,sports_leisure,19.49
f938fa004452c776198a593e5fb9056d,sports_leisure,19.49
f938fa004452c776198a593e5fb9056d,sports_leisure,19.49
f9c269acc160c9147022a141b439c35d,garden_tools,59.9
f9c269acc160c9147022a141b439c35d,garden_tools,59.9
f9f807903694bbf34df92036c1d192f6,telephony,29.99
fa1ce52b7f5e83c4473226c0a7ad131a,health_beauty,420.0
fae7d09a1409bc2651c0caec24606c71,telephony,246.62
fbd9022ebf9271e1952ca884a972d1bd,la_cuisine,105.0
fbffb0b287b62d10b5a1c24a29ae16ea,baby,128.8
fc2010beb548588d1543ca8adaa132ba,watches_gifts,669.99
fc31a63e2f4e1c8cab6b97ec8eee6f84,computers_accessories,74.9
fc373604aed2464ded6a10235309ed93,construction_tools_construction,32.0
fc373604aed2464ded6a10235309ed93,construction_tools_construction,32.0
fc39eb893101639217a80a552d1c16f3,housewares,58.9
fc3e5cddf41dc7757252c2fc0a6c947b,furniture_decor,99.9
fc9d6087c02b8f60e1a365a3b6ae786e,fashion_bags_accessories,39.99
fca0397489a3333e988ec1218efe40b6,cool_stuff,89.9
fd8acdf929a762e10cb02698d2116fdd,garden_tools,99.99
fdc14b5e651ff7527c5ac587d5de96c4,toys,229.9
fe05c6dcaf512456a03860df06cc034c,housewares,36.9
fe968a563e6c2d5c98021df7d87ce9c3,bed_bath_table,299.0
ff00a56fe9475a175cd651d77c707a09,bed_bath_table,89.9
ff00a56fe9475a175cd651d77c707a09,home_confort,89.9
ff00a56fe9475a175cd651d77c707a09,bed_bath_table,116.9
ff3137ffb0ead0baad8da8a2a7b063b9,fashion_bags_accessories,47.9
